0,1,2,3,4,5,6,7,8,9,10,11,12,13,14,15,16,17,18,19,20,21,22,23,24,25,26,27,28,29,30,31,32,33,34,35,36,37,38,39,40,41,42,43,44,45,46,47,48,49,50,51,52,53,54,55,56,57,58,59,60,61,62,63,64,65,66,67,68,69,70,71,72,73,74,75,76,77,78,79,80,81,82,83,84,85,86,87,88,89,90,91,92,93,94,95,96,97,98,99,100
2020.04.01,'라임 자금 투입된 기업 주가조작' 수십억 챙긴 일당 구속,"'한달 셧다운' 이스타항공, 직원 절반 750명 구조조정 검토","헝가리, 조류인플루엔자에 오리 20만마리 살처분",항공업계 끝 모를 위기…HDC현산. 아시아나항공 인수 차질 빛나,"MG손보, 대주주 변경 승인…""15일 내 자본확충 마무리""","이스타항공, 희망퇴직 실시…업계 첫 코로나發 구조조정","HDC현산, 아시아나 증자 연기…업황 악화에 인수 '안갯속'",'코로나 충격' 현대차 3월 판매 -21%…금융위기 후 최대폭 추락(종합),"인터파크홀딩스, 자회사 인터파크 흡수 합병","우리금융, 아동 복지시설 방역 지원",국고채 금리 혼조세…회사채·CP 금리 상승(종합),외국 크루즈 2척 선용품 공급차 부산 입항 요청,"원전단체 ""탈원전 비호한 감사원장 고발하겠다""","인터파크홀딩스, 자회사 인터파크와 합병","국책-시중은행, 두산중공업·제주항공 지원에 온도차","김세호 쌍방울 대표 ""가족에게 자랑할 수 있는 회사 만들겠다""",작년 상장기업 수익성 악화…올해 전망은 '시계 제로'(종합),"한라, 1천300억대 계룡 대실지구 아파트 공사 수주","[포토] 쿠팡(주)-쿠팡, '2020 대한민국 모바일 대상' 쇼핑 부문 최우수상","[포토] 신한은행-신한 쏠, '2020 대한민국 모바일 대상' 오픈뱅킹 부문 최우수상","[포토] 한국간편결제진흥원-제로페이, '2020 대한민국 모바일 대상' 전자결제 부문 최우수상","[포토] KB증권 - M-able(마블), '2020 대한민국 모바일 대상' 증권 MTS 부문 최우수상","[포토] 신한카드(주)-신한PayFAN, '2020 대한민국 모바일 대상' 카드 부문 최우수상","[포토] 와디즈플랫폼(주)-와디즈, '2020 대한민국 모바일 대상' 크라우드펀딩 부문 최우수상","[포토] KB국민은행-KB스타뱅킹, '2020 대한민국 모바일 대상' 대상 영예","""상위 30%에도 25만원""…지자체 '퍼주기 경쟁' 불붙인 인천시",코로나·저유가 '이중고' 재활용업체에 저금리 대출 지원…13일부터 접수,"한전, 제주 해저케이블 사업에 中 업체 배제","한전, 전기차 충전서비스 원스톱 제공",중소기업 기술유출 적극 대응…'한국형 디스커버리 제도' 도입,"기보, 올해 역대 최대 21조9000억 보증 제공",코로나 여파에 지난달 항공 여객 200만명도 안돼…역대 최소,"충주사회단체 ""혈세 낭비…충주댐 충원교 재가설 철회해야""(종합)",돈 풀려해도 보증심사 인력 모자라…'대출 병목' 심각,3월 日평균 수출 6.4% 줄었다,새벽 2시부터 길게 줄섰는데…10명 선착순 마감에 '헛걸음',무급휴직자 100만원 지원받는다,"한달 만에 꺾인 수출…4월, 진짜 위기 닥친다",공항면세점 임대료 최대 50%↓…소상공인 통신료 1개월 감면,"한은, 달러 추가 조달 길 열렸지만…""美 Fed 레포 당장은 활용 안한다""",58조원 푼다더니…'보증'에 막힌 코로나 대출,정선군 꽃가루 은행 운영…결실 확보·소득 향상,茶로 즐기는 봄,외식 줄어들자…값싸진 수입 냉동새우,환자도 직장인도 든든…정기구독 간편 건강식 '돌풍',"아침햇살·초록매실, 아이스크림으로 변신",3월 완성차 판매 14.5%↓…내수 9% 늘었지만 해외판매 20% 줄어,"카카오커머스, 폭풍성장…거래액 1조→3조","하늘길 막힌 전 세계 주재원에 생필품 6일만에 배송…이트너스 ""기업 집사 역할, 사업영역 무한대""",자동차 판매 '3월의 이변'…국내에선 10% 더 팔렸다,LG 휘센 20주년…에어컨 사면 최대 70만원 돌려줘,"SKC솔믹스, 300억 투자…中에 반도체장비 세정 공장","자금조달 꽉 막힌 캐피털사 위기감…""10조 채권안정펀드가 숨통 틔워줘야""",4번째 매각 앞둔 KDB생명에 온가족 목돈 맡긴 이동걸 회장,당좌거래정지 (1일),작년 상장기업 수익성 악화…올해 전망은 '더 흐림',"진옥동 행장 ""선 넘는 과감한 도전하자""",한전 제주 해저케이블 사업에 중국업체 참여 못 한다,[표] 코스닥 상장사 2019년 매출액 상위 20곳,"작년 코스피 상장사 순익 '반토막'…""미중 무역전쟁 등에 타격""","충주사회단체 ""충원교 신축 혈세 낭비…자전거도로 전환해야""",코로나발 악재에 건설업 체감경기도 7년만에 최저,부산항만공사 임원 급여 30% 반납…코로나 극복에 사용,"미국 USTR 보고서 ""한국 무역장벽 감소됐다"" 긍정평가",'코로나 충격' 현대차 3월 판매 -21%…금융위기 후 최대폭 추락(종합),"파주 농기계 임대료 인하사업 재추진…농림부, 한시 허용","농가에 돌발해충 '비상'…따뜻한 겨울, 월동난 급증","현대캐피탈, 해외 법인 자산 50조원 돌파",광주 도심 슬럼가 누문동 기업형 임대사업 활로 찾나(종합),국고채 금리 혼조세…3년물 연 1.092%,"울산항만공사 임원진 4개월 급여 30% 반납…""고통 분담""",삼성전자 브라질 출장 직원 코로나 확진…美사업장에도 확진자(종합2보),"3월 국산차, 코로나19 쇼크 내수는 회복 수출은 부진","현대그린푸드 건강식 '그리팅', 2주만에 10만개 팔려","울산상의, 상공의 날 기념식 개최…상공대상 시상","기아차, K5 힘냈지만…코로나에 3월 판매 6.4% 감소","교통안전공단, 코로나19 비상경영 돌입…준정부기관 최초","'벼랑 끝' 급식업체…""개학 4월 넘기면 망한다""",내년 금융기술연구소 출범…샌드박스로 금융사 망분리 첫허용,코로나19 피해기업에 금융지원 해드립니다.,한국GM 3월 판매 3만7천918대…신차 효과에도 수출 줄어 11.8%↓,"짐 로저스 ""내 생애 최악의 하락장 몇 년 안에 온다""",코로나 충격 본격화…현대차 3월 글로벌 판매 21% 급감,해남군 쇼핑몰 '해남미소'…30개 농수산물 최고 30% 할인판매,"원/달러 환율, 13.1원 상승해 1,230원대로…""코스피 급락 연동""","라임펀드 투자자들 추가 고소 ""판매사 가담 정황 확인""","한국GM, 3월 내수판매 39.6% 증가…트레일블레이저 호조",손 안대도 물 흐르고 노즐 살균…위생 기능 강화한 욕실 상품 뜬다,"IoT 적용해 바른 자세 유도…듀오백, 스마트체어 출시","현대차, 코로나 여파에 3월 판매 21% 줄었다…30만8503대 그쳐","파세코, 국내 최초 1등급 인버터 '창문형에어컨2' 출시",선물하기가 이렇게 인기일 줄…카카오커머스 영업이익률 25%,다소미-영상공장. 중기사랑나눔재단에 손소독제 기부,쌍용차 3월 판매 1만3천590대…코로나 여파로 31.2% 급감,'칼 가는' 3자연합…주총 끝난 후 한진칼 주식 매일 샀다,"대만, 코로나19 대응 43조원 경기부양책 공개","쌍용차, 다시 속도 낼까…3월 판매 전월比 31% 증가한 9345대",박남춘 인천시장 급여 30% 반납…공사·공단 사장도 참여,"LG전자, 해외 입국 가족 있는 임직원 재택근무","철도공단, 수의계약 집행기준 개정해 사회적가치 실현"
2020.04.02,"정부, 긴급재난지원금 기준 3일 발표…종부세 대상자 제외 유력","삼성 준법감시위, 노동 문제 심층 논의…신고 30건 접수","채권시장안정펀드 첫날 ""여전채 매입조건 협의중""",금감원 '라임 전주 횡령 고소' 스탠다드자산운용 검사,"S&amp;P, 현대차그룹 신용등급 '부정적 관찰대상' 지정","""사우디, 4월 첫날부터 원유 역대 최대 생산""","은행연합회, 코로나 대출 상황 점검","한기평 ""해태제과, 아이스크림 사업 매각 신용도에 긍정적""","[특징주] '러, 원유 증산 계획 없다' 소식에 원유 ETN 강세(종합)","이주열 ""비은행 금융기관 대출 검토""…증권사 등에 대출 시사(종합2보)",코란도·티볼리에 커넥티드카 서비스,"하늘길 막혀도 '솟아날 구멍' 있다…제주항공, 김포~부산 4배 더 운항",한진칼 이사회 의장에 '사외이사' 김석동,"LS전선, 동해에 해저케이블 2공장…구자엽 회장 ""미래로 나아가는 선언""",울산 북구 '드라이브 스루'로 생선 회·구이 판매,두산 임원 급여 30% 반납,국고채 금리 하락…CP 금리는 연일 상승(종합),"윤석헌 ""코로나 대출 더 풀어라""…예대율 등 규제 한시 완화 추진",“지역상권 살리자”,"증권시장 안정펀드, 9일께 운용 개시…지수상품 투자",당좌거래정지 (2일),"""자금 필요한 대기업…정부 지원 바라지 말고 시장에서 조달하라""","""10년내 100만대로 커지는 中 수소차시장, 日 제치고 선점해야""",다시 고개드는 'D의 공포'…근원물가 상승률 20년來 최저,"삼성 ""코로나 극복 적극 동참""…전세계서 360억원 지원 활동",해외 건설공사 곳곳 '셧다운'…중동發 '수주절벽'까지 닥치나,저유가 쓰나미…정유 4社 하루 700억씩 손실,"""미적대다간 위기 키운다""…韓銀 '2금융 대출' 특단조치",온라인 개학에 등장한 49만9000원 노트북,"높은 유류세 비중 탓에 휘발유값은 찔끔 하락…정유업계 ""세금 인하를""","로버트 배로 ""소득주도성장은 불행한 슬로건""",직원 집에서 놀게 해야 나오는 고용유지지원금,"로버트 배로 美하버드대 교수 ""코로나發 공급 충격…돈풀기만으론 역부족""",자금난 기업 집중지원…코로나發 실업대란 막아야 후유증 최소화,"현대차 美 딜러점 72% 마비…""4월에도 판매 절벽""","삼정KPMG ""작년 글로벌 스마트 농업 투자액 64억달러""",푸르덴셜 새 주인 내주 결정…사모펀드 인수 우려도,삼성·현대차·LG·포스코·한화까지…韓 글로벌 공장 '셧다운 도미노' [라이브24],"'코로나지원금' 美는 신속, 韓은 지지부진",코로나로 매출 줄어든게 사업주 탓?,'가로등에서 드론 충전·대기오염 정화'…IT·친환경 아이디어 눈길,"[종합]이주열 ""회사채 시장 안정 위해 비은행 금융기관 대출 검토""","산은, 코로나19 피해 벤처에 3천억 금융 지원",사상 첫 온라인 행사…동영상 발표 유튜브로 생중계,'해고 대란' 닥쳤는데…정부는 휴직 대책만,"""카메라·이어폰 이용해 시각장애인용 모자 개발""","이주열 ""비은행 금융기관 대출 검토""…증권사 등에 대출 시사(종합)","김현수 농식품부 장관, '개학 연기' 농산물 피해 상황 점검","한국선급, 국제해사협약 전산화 프로그램 업그레이드",개학 연기에 오이·닭 가격 하락,"김상범 서울교통공사 신임사장 취임…""안전한 서비스 제공""",10만원대 특급호텔 찾을 수 없게 된 까닭은,"이재현 CJ회장, 자녀 주식증여 취소 후 재증여",국고채 금리 하락…3년물 연 1.059%,"[2보] 이주열 ""금융시장 악화시 비은행 금융기관 대출 검토""","[속보]이주열 ""금융상황 악화시 비은행 금융기관 대출 검토""","이주열 ""비은행 금융기관 대출 검토""…증권사 등에 대출 시사",긴급재난지원금 지급기준 윤곽…종부세대상자 '컷오프'할듯,대구 제조업 2분기 전망 더 어둡다…금융위기 이후 최악,'착한 프랜차이즈' 요건 확정…로열티 인하·점포 손해보전 등 나서야,"금융당국 ""묻지마식 주식 투자 자제하라"" 당부",한진칼 이사회 의장에 김석동…대한항공 이어 외부수혈,"충주시, 코로나19 사태에 농기계 임대료 50% 인하","한미FTA 개정후 첫 공동위…화상회의서 ""코로나에도 협력 강화""",화장하는 남자들 늘자…男 아이섀도 나왔다,영세 자영업자 부가세 석달간 납부 유예,"원/달러 환율, 2.2원 하락 마감…""유가 급등 영향""","금융위 ""묻지마식 주식 투자 자제해야""",KB국민카드-서울시 나무심기 SNS 캠페인,"기업은행, 코로나19 피해자 대출서비스 '홀짝제' 실시","OK저축銀, 해지 수수료 없는 '중도해지 OK 정기예금 369'","SPC, 임직원 헌혈증으로 코로나 의료현장 지원",마트 '의무휴업 족쇄' 풀리나…총대 멘 안동,부산신항 서컨부두 중간 육지화한 섬 송도 제거한다,두산 박정원 회장 등 임원 급여 30% 반납…두산重은 최고 50%,"대구시, 코로나19 피해 소상공인 경영안정자금 지원 확대",코로나19로 공장 4분의1 멈췄는데…전세계에 '364억 기부' 한 삼성,인천 송도·부평 아파트청약 당첨가점 최고 82점·79점,"해운기업 78% ""코로나 부정적 영향""…매출 평균 27% 감소",기업 투자설명회도 온라인으로…바이오 벤처 및 VC 참여,"충주시, 4월 주말마다 '탑승 구매' 농산물 직거래장터 운영","10년 만에…티몬, 소셜커머스 첫 흑자",'네이버에서 전통주 사세요'…농수산식품유통공사와 MOU,사상 최대실적 낸 JB금융…非은행·글로벌 공략해 '제2 도약',"SK이노가 키우는 사회적기업 우시산, '코로나 펀딩' 목표액 달성","전북은행, 2년째 '순이익 1000억' 금자탑…지역 넘어 세계로 간다","전북은행, 외환위기 딛고…지난 50년 전북도민과 함께 성장","전북은행, 매년 임직원 급여 1% 지역사회 기부","WSJ ""보잉, 직원들에게 명예퇴직 조만간 제안할 듯""",수익·건전성 '두 토끼' 잡은 광주은행 … 이젠 '디지털 혁신' 나선다,이번엔 미국·유럽산 부품공급 차질…국내 車공장 또 서나,코로나 긴급 구호박스 700개 지원,미나리도 승차 구매…청도군 대구서 한재 미나리 판매 행사(종합),"기업은행 ""소상공인 초저금리대출 가능여부 사전체크 해보세요""","""기아타이거즈 우승하면 적금 금리 최고 年2.7%""",바이러스가 바꾸는 일상…'저녁이 있는 삶-시즌2' 개막,"유명호 유니락 대표 ""삼성전자·SK하이닉스에 고성능 밸브 공급""","황재익 제이미크론 대표 ""직원들과 감사 메시지 매일 다섯 개씩 공유""","'경제 온도계' 근원물가, 20년 만에 최저…고개드는 '디플레 공포'","[특징주] '러, 원유 증산 계획 없다' 소식에 원유 ETN 강세"
2020.04.03,"마힌드라 ""쌍용차에 신규투자 없다…3개월 최대 400억원 지원""","'인력 절반 운영' 아시아나, 조종사도 15일 무급휴직","쿠팡 ""소고기 이물질 논란, 벌레 아닌 원료육 일부로 확인""","공정위, HDC의 아시아나 인수 승인",OPEC+ 원유가격 안정 위해 6일 화상회의 개최(종합),"채권안정펀드, 급한 불은 껐다…CP 금리 13일 만에 상승세 멈춰",자영업자 '코로나 지원금'은 2018년 소득기준…올 피해 반영 안돼,"'긴급' 지원금인데, 자산기준 또 검토…시간에 쫓겨 또 졸속案 내놓은 정부",백화점 첫 정기세일,"삼성의 미래 먹거리 시스템반도체, 성장궤도 올라탔다","웨어러블 360도카메라 개발사 링크플로우, 72억 '시리즈B 투자' 유치","라임 무역금융 펀드 실사, 예상 손실 비율 '미정'",4인가구 건보료 23.7만원 이하…코로나지원금 100만원 받는다,"하늘길 막히고 돈줄 끊기고…""항공사 부채비율 최대 5000%까지 급등""",삼성전자 美 세탁기 공장도 셧다운,"테슬라코리아, 1분기 최고 등록대수 기록",3~4개월 버틸 자금은 확보했지만…자영업자發 '46조 카드론 폭탄' 터질 수도,"김용범 기재부 1차관 ""일시적인 유동성 부족으로 기업이 문 닫는 일 없게 할 것""",회사가 GPS 위치 추적해도 되나?…재택근무 근로자 사전 동의 받아야,외환보유액 4000억달러 '턱걸이',당좌거래정지 (3일),'배달의민족' 매출 데이터로 하나銀서 대출 받는다,'코로나 대출' 재원 조기소진 우려,국고채 금리 대체로 상승…CP 금리 13일만에 하락(종합),"강원농기원, 농기계 안전사고 발생 '0' 운동",로버 '퍼서비어런스' 타고 '붉은행성' 가는 우주 헬리콥터,국고채 금리 대체로 상승…3년물 연 1.066%,실직 쏟아지는데…통계 못쫓아가는 한국,한은 직원이 꼽은 금통위원 선호도 1위는 장민,1가구 1주택자 종부세 경감 시사한 이낙연…어떻게 낮출 수 있을까,논란의 한전공대…결국 법인설립 허가,"원/달러 환율, 2.6원 올라 1,230선 재진입","동국제강 장상태 회장 20주기 추모식…""유족 중심으로 간소화""","""일당 13만원 선지급""…외국인 노동자 떠난 농촌 '구인 전쟁'","동국제강, 송원(松圓) 장상태 회장 20주기 추모식",백화점 봄 세일 시작,미 기업 코로나19 피해 눈덩이…디즈니 휴직·보잉 생산중단,"신라아이파크면세점 용산점, 20일까지 영업 중단",[단독] 비행기 못 뜨는데…리스료 1조5000억 허공에 날릴 판,태안 앞바다서 불법 어구 적재 어선 5척 적발,"캐리어에어컨, 홈쇼핑서 반려동물 가정 전용 공기청정기 판매","4월 재정증권 5조원 발행…""전액 상환에 활용""","中企 돕기 나선 홈쇼핑업계 ""판매 수수료 최대 27%P 인하""",무역협회 '오픈 이노베이션 교육' 온라인 생중계,무역금융 펀드 실사 종료…라임·판매사들에 결과 브리핑,"자동차산업협회, 금융지원 설명회 개최…코로나19 위기 극복 나서","SK네트웍스, 코로나 취약층·의료진에 3억 기부",'코로나 불황'에도 수입차는 씽씽…BMW 판매 60% 급증,"제주맥주 ""1분기 매출 194% 증가…코로나19에 홈술족 늘어""","전국택시조합 ""개인택시 양수 자격 완화 규탄""","여신협회, 코로나19 확산에 카드대출 관행 개선 방안 일부 연기","마켓컬리, 작년 매출 4000억 돌파…물류센터 확장에 손실도 1000억 육박","중미경제통합은행, 한국에 지역사무소 신설",'집콕'으로 온라인쇼핑 25% 급증…농축수산물 거래 두배 넘게 늘어,"수은 직원들, 투병 동료에 '십시일반' 휴가 나눔",금주(3월 27일~4월 2일) 신설법인 1040개,"아시아개발은행 ""올해 한국 성장률 2.3%→1.3%""",재난지원금 4인 가구 기준 서울 최대 144만·포천 280만원 [종합],'코로나 지원금' 나는 받을 수 있을까…3단계 계산 거쳐야,"금융위 ""대기업, 정부 지원보다 우선 시장에서 자금조달이 유리""(종합)",수입차는 코로나 영향 없다? 쉐보레 '착시 효과',"기준금리 인하 고심하는 중국…""충분히 평가 후 결정""",코로나발 실직 확산…미국 이어 캐나다·유럽도 속출,"금융위 ""대기업, 정부 지원보다 우선 시장에서 자금조달이 유리""","마켓컬리, 지난해 매출 2.7배 증가한 4천289억원","'집콕' 온라인쇼핑 25%↑…농축수산물 104%↑, 음식서비스 82%↑",부산항에 매연·검댕 무단 배출한 대형 상선 적발,켈리백 대신 마스크 만드는 에르메스…코로나 극복 뛰어든 명품 브랜드,"""이참에 세금 아끼자"" 이재현 CJ 회장, 주가 급락에 주식 재증여[이슈+]","포드, 코로나19 극복을 위한 매칭 펀드 조성",영덕 농·수산물 탑승구매 행사 인기…2주 연장,"""부수익 높여라""…수수료 비즈니스 열 올리는 카드사[이슈+]","카드대출 금리 차등적용 방지 지연 시행…""코로나로 업무 차질""","진천군 ""3천억 투자·500명 고용 기업 땅 매입비 최대 40% 지원""",서울 '힐링농업체험' 유치원∼중학생 단체 모집,초대형 크루즈 승객없이 부산 입항…선용품 등 비대면 공급,횡성축협가축경매시장 6일 재개장…50명 제한 '철통 통제',[2020 대한민국 모바일 대상]입어보고 반품해도 공짜…의류 쇼핑도 쿠팡이 '대세',"[2020 대한민국 모바일 대상]KB손해보험, 쉬운 언택트 보험금 청구로 고객 공략","[2020 대한민국 모바일 대상]진화하는 제로페이…정부, 재난기본소득에 활용 검토",국민은행 'KB 4대연금 신용대출' 출시…최저 연 2.8% 금리,"""어려움 함께"" 통영 택시업계, 기사들에게 생활안정자금 지원","K뷰티 中수출액, 코로나에도 역대 최고…J뷰티 ""게 섰거라""","[속보] 건보료 23만7000원 이하 4인 가구, 재난지원금 100만원 받는다","현대차 정몽구 재단, 온드림 미래산업 인재 장학생 선발…등록금 전액 지원","금융연 ""코로나 진정돼도 저금리 장기화…구조적 불황 가능성""","자주, 셀프 미용기기 '이온케어기' 출시","테슬라·볼보, 코로나19 충격 속에 1분기 판매 희비(종합)",삼성 미국 세탁기공장 직원 2명 코로나 확진…사업장 폐쇄,"ADB, 올해 한국 성장률 2.3%→1.3% 대폭 낮춰…중국 5.8%→2.3%",코로나에도 벤츠·BMW 등 수입차 판매 증가…일본차는 '반토막',"항공업계 ""자구책만으로 생존 불가…정책자금 신속 지원해달라""","피치, 올해 한국 경제성장률 전망 -0.2%로 하향 조정",라임 무역금융 펀드 실사 종료…손실 확대 우려(종합),코로나에도 건재한 수입차 인기…작년 3월보다 더 팔렸다,"뜨거운 하이퍼카 시장, 전시장 자리 싸움 '팽팽'","김용범 기재1차관 ""코로나19, 이젠 기간산업 지원""","신세계면세점-서울 중구청, 남대문시장 등에 손소독제 기부",3월 수입승용차 2만304대 등록...전월 比 21.4%,"기업집단 현황을 한눈에…공정위, 기업집단포털 개편"
2020.04.04,"""10년내 100만대로 커지는 中 수소차시장, 日 제치고 선점해야""","원유 감산 합의 또 미뤄지나…""OPEC+ 긴급회의 8~9일로 연기""","현대차, 미국시장서 코로나19 직격탄…3월 판매 43% 급감","마힌드라 투자 철회에 쌍용차 노조, 비상대책위 전환",코로나19 기세 주춤…전국 봄꽃 명소·유원지 오랜만에 활기,유가폭락 덕보나…휘발윳값 한달새 128원 내려 1천300원대,'가고 싶다' vs '오면 안돼' 강원 동해안 관광명소 진땀,대주주 마힌드라 등 돌려…경영난 쌍용차 9년 만에 다시 기로에,"마힌드라, ""쌍용차에 신규 투자 안한다""","환경단체들, 식목일 하루 앞두고 서울 곳곳에서 나무 심기 행사",[증시풍향계] 코로나19 여파 속 삼성전자 잠정 실적 주목,[표] 주요 경제지표 및 행사 일정(4월 6일∼10일),다음주 한은 금통위 유동성 추가조치 주목…나랏빚 규모도 발표,유가 미끄러진 덕에…휘발유 가격 한달새 128원 떨어진 1300원대,"감산합의 이뤄질까…국제유가, 이틀째 '폭등'",'하늘 나는 배'로 독도 갈 수 있을까…위그선 첫 상용화 한발,1분기 세계 주요 주가지수 22% 하락…코스피는 20%↓,유가폭락 덕보나…휘발윳값 한달새 128원 내려 1300원대,"봄 정기세일 첫 주말…주요 백화점, 봄 패션 상품 할인전","마힌드라, 쌍용차 신규 투자 거부…독자 생존 '빨간불'",,,,,,,,,,,,,,,,,,,,,,,,,,,,,,,,,,,,,,,,,,,,,,,,,,,,,,,,,,,,,,,,,,,,,,,,,,,,,,,,
2020.04.05,"인도, 봉쇄령으로 쌀수출 차질…물류 막혀 우유도 강에 버려(종합)",“사은품으로 양파 드려요”,신한카드 등 손소독제 지원,식목일 꽃시장 찾은 시민들,"이마트 ""맛없으면 환불해드려요""",1000주째 '매주 3건 이상' 보험계약 맺은 교보생명 설계사,'펫 비즈니스' 확산…衣·食 넘어 住로 확장,I자 폭락 vs V자 반등…코로나시대 엇갈리는 경제전망,금감원장 '배당 자제령'에 은행권 갑론을박,퇴직연금 작년 수익률 2.25%,대출이자도 못 갚는 자영업자 급증…가뜩이나 어려운 지방 저축銀 '흔들',외환위기 이후 주인 세 차례 바뀌어…노조 77일 '옥쇄파업' 깊은 상처,"코로나 이후…개인 삶, 기업 경영, 정부 역할 다 바뀐다","쌍용차, 10년 만에 다시 생사기로",'벼랑 끝' 항공사에 2兆 지원 검토,소형 SUV '커다란 존재감',"삼성SDI, 정오의 라디오로 '마음 방역'",두산중공업 '위기의 전염' 차단…인프라코어·밥캣 따로 떼어내나,LG '新가전'의 힘…21조 신기록,올해 韓 '역성장' 가시화…11개 기관 평균 성장률 전망 -0.9%,이르면 이번주 '7.1兆 추경안' 제출,부모와 주소 다른 1인 청년가구도 재난지원금 지급,"전경련, 올해 15대 수출품목 수출 7.8% 감소 전망",현대기아차 3월 중국 판매 -28%…2월 -82%에서 '회복세','사회적 거리 두기' 속 전국 봄꽃 유원지 나들이객 발길,한국서 잘나가는 벤츠…지난해 역대 최대 1천400억원 주주배당,미국·유럽 자동차 판매 거의 마비…국내 수출공장 감산 불가피,기축통화 달러 가치 상승 중…달러예금·달러펀드 투자 관심을,이젠 유병자도 달러로 보장받을 수 있다,"""증시 V자 반등 기대는 비합리적…'동학개미'들 안전불감증 걱정된다""",가맹점과 상생 '착한 프랜차이즈'…예비창업자 관심 끌며 '전화위복',커지는 불확실성…가족 지킬 '종신보험' 울타리를,"한화생명 '실속있어 좋은 GI보험', 질병으로 생긴 장해까지 보장…보험료도 낮춰",내집 마련 '지름길'…2020 꼭 알아야 할 부동산정책,테이블·의자 줄어든 스타벅스…사회적 거리두기 동참,고객 위한 마음으로…'오늘의 영광' 차지한 삼성생명 최고 컨설턴트,"서정민 컨설턴트 ""고객 맞춤형 컨설팅, 어느새 '브랜드' 됐죠""","권영우 컨설턴트 ""고객 위해 최고가 돼야 한다고 매일 다짐""","이상선 컨설턴트 ""기업 리스크 진단·처방하는 기업재무 선택""","유인경 컨설턴트 ""고객과 함께 '세대 잇는 명문家' 만들죠""","김성환 컨설턴트 ""도전과 실패의 반복이 성공 밑거름 됐죠""","김용대 컨설턴트 ""최고라면 상품 아닌 고객 가치 먼저 생각""",주류면허관리법 별도 제정한다…20년만에 주세법 체계 개편,"[영상]제네시스 3세대 G80 출시/4월 출시된, 출시될 신차들/기아차 레이 활용한 캠핑카[4월 1주 하이빔 뉴스]","""배앓이에 좋다"" 입소문에 약진하는 수입분유","임블리, 이번엔 상표권 논란",현대·기아차 中서 '파격'…단순 변심해도 새차 교환,맛 좋아진 맥도날드…3가지 이유 있었다,"LG 올레드 TV, 주요 소비자 전문 매체에서 '최고 성능' 인정 받아",LG이노텍 3년 연속 GM 선정 '품질 우수상',"경기신용보증, 1분기 코로나19 피해기업 보증지원 전국 최다",포스코인터내셔널 '가내수공업' 사회공헌,'코로나 피해' 화훼농가 돕기 캠페인서 1시간만에 화분 600여개 '완판',"펫비즈니스, 의(衣),식(食)에 이어 주(住)로 확장…펫 동반 호텔·오피스텔 등 속속 등장","국민銀 ""코로나 피해 지원용""…4000억 규모 소셜본드 발행","""중기 스마트化 속도 낼 것""",경총. 4천300개 회원사에 '착한 소비자 운동' 동참 요청,"수출입은행, 코로나19 피해 중기에 2천억 금융지원",붙이는 호흡기 질환 치료제 개발 활발…특허출원 늘어,"코로나에 바뀐 삶…""현금 줄고 디지털화폐 발행 앞당겨질 수도""","한은 ""코로나19로 중국 서비스업 디지털화 가속""",소·부·장 스타트업 100곳 발굴해 육성한다,"""스마트공장 고도화 시급…보급 확대보다 선별적 지원 필요""",삼성SDI 천안 공장에선 정오만 되면~,"전경련 ""韓 15대 주력품목 수출 -7.8% 전망…정부 나서 달라""","""500억 완판돼 800억 추가""…서울사랑상품권 할인 판매 연장",신한·우리은행 '서울시 민생혁신금융 전담창구' 6일부터 운영,본사 실적 부진 속 한국서 잘나가는 벤츠…지난해 역대 최대 주주배당,납품 막힌 학교급식용 농산물 특판 10억원 '완판 행진',"쌍용차 ""마힌드라 투자거부에도 경영쇄신 계속…철수 의혹 불식""",전통주 양조장 역량강화 컨설팅 사업 시작,1분기 농식품 수출 6% 증가…코로나19로 감소 후 반등,"세계 물류환경 급변…무협, 기업에 실시간 물류동향 제공","한국 서비스업 GVC내 비중, 독일·미국·일본 등에 밀려",소형 SUV 전성시대…3월 판매 국산차 5대 중 1대,"포스코건설, 협력사와 공사정보 모바일로 실시간 공유","쌍용차, 경영쇄신 방안으로 위기 극복 의지 밝혀","LH, 장기임대주택에 안심 주거환경 구현한다",천안 KTX역세권에 국제컨벤션센터 건립 추진…행안부 심사 통과,기업자금난 진정될까…20조 채권안정펀드 첫 매입 주목,올해 세계경제 성장률 전망치 줄줄이 마이너스 하향,현대기아차 3월 중국 판매 -28%…2월 -82%에서 '회복세',"""최고의 제품"" LG 올레드TV, 해외서 연이은 호평","출범 18주년 OK배·정장학재단 ""모두 6500명에게 장학금 지급""","국민은행, 사학연금 수령자까지 가능하다는 '4대연금' 연계 신용대출 출시",현대·기아차 중국서 소비자 안심 프로그램 선봬,"LG이노텍, 미국 GM '품질우수상' 3년 연속 수상","OCI그룹 계열사 합병 논란…""2세 승계 꼼수"" vs ""지배구조 개편""",코로나19로 국내 상장사 1분기 영업익 17%↓ 전망,[신차털기] 美포드의 마지막 세단…독일 감성 '몬데오',미국·유럽 자동차 판매 거의 마비…국내 수출공장 감산 불가피,국제선 여객 96% 급감…대형사부터 하청사까지 항공업 '곡소리',[줌in제주] 돌아온 제주 고사리철…딸한테도 말 안해주는 고사리 명당은,한국서 잘나가는 벤츠…지난해 역대 최대 1400억원 주주배당,"정부-항공사, 코로나19 피해 지원 놓고 기싸움",국제 가스가격도 사상 최저…코로나발 수요감소에 공급과잉까지,두산중공업-인프라코어·밥캣 '분할·합병 방안' 부각,"""하루벌어 하루쓰는데""…작년말 자영업 신용불량자 3만6천명",이번주 금통위…유동성 공급 추가 카드 '만지작',은행 유동성비율·예대율 규제 완화…대출 더 내준다
2020.04.06,"대유위니아, 코로나 대응 무급휴직 신청…임원 급여 20% 반납","신한·하나·대구은행 ""키코 분쟁조정안 회신 시한 연장 요청""(종합)","정수영 매스아시아 대표 ""짧은 거리 이동할 땐 고고씽…전용 앱 통해 편리하게 이용""",코로나는 렌털에 악재?…최대 실적 올린 현대렌탈케어 '역발상',"한솔·블루포인트파트너스, 유망 스타트업 발굴 지원","KCC글라스, PVC타일 바닥재 '숲 센스타일' 리뉴얼 제품 출시",TV 박스가 고양이집·책꽂이로 변신…'환경 생각하는' 포장재,"한국수입자동차협회, 임한규 신임 상근 부회장 선임","현대·기아차 中서만 신차 교환?…""국내는 4년 전부터""","신한·우리銀, 서울시 민생혁신금융 전담창구 운영",코로나에 손잡은 금융노사…금융업 '주 52시간 초과근무' 추진,"한은, 디지털화폐 연구 뒤늦게 착수","은성수 ""기업자금 위기설 근거 없다""",[김과장 &amp; 이대리] 길어지는 집콕 육아 대처법,[김과장 &amp; 이대리] 하루 수십번 체온 측정…자다가도 열 있나 확인,재기 성공한 미용실 응원한 위성백 예보 사장,[김과장 &amp; 이대리] 혈액난에 기아차 광주공장 직원들 단체 헌혈,"웰컴금융그룹, 혈액수급 위해 '생명나눔 헌혈캠페인'",[김과장 &amp; 이대리] 기업은행 직원들이 추천한 을지로 'IBK 사거리' 맛집,"정치권 압박에 결국 백기 든 배달의민족…""수수료 체계 손보겠다""",매출 가뭄 카메라 부품사 '언택트 시장'서 활로,"서울 영등포구 ""입국자 가족안심숙소 마련…싱글 4만원""",지방공기업평가원 간부 2명 구속…연구사업비 15억 착복 혐의(종합),코로나 수출부진에 모닝 위탁생산 동희오토 가동중단,"""우리는 마스크부""…산업부 공무원, 자부심도 근성도 사라졌다","산업부 ""탈원전-한수원 적자 무관하단 논리 개발하라""",'삼성 과외'가 마스크 줄서기 없앴다…박영선도 칭찬한 '자상한 기업',"소상공인연합회, 배달의민족 논란에 ""공공 배달앱 확산 필요""",신세계百 브룩스러닝 한정판,"경북 중소기업 절반 ""코로나19 지속 때 3개월 못 버텨""","이베코코리아, 2020년형 뉴 데일리 밴·섀시 캡 출시","용인시 8일 '드라이브 스루 마켓' 2차 판매…""시민 요청 쇄도""","금감원, 라임 펀드 관련 KB증권 서면검사","현대오일뱅크, 정기보수 시기 앞당긴다…""시황 악화 따른 대응""",'서울시 민생혁신금융 전담창구' 운영,현대오일뱅크 공장 가동률 절반 아래로…코로나 이후 국내 처음,"금호석유화학, 33년째 무분규 노사 협의 완료","'계열사 부당지원' 아모레퍼시픽, 총 9600만원 과징금",국고채 금리 하락…3년물 연 1.052%,코로나 여파에 현대기아차 '안심할부·신차교환' 프로그램 관심(종합),삼성 대졸 공채 시작…13일까지 원서마감,"수출입은행, 4천억 '바이오·헬스-K 펀드' 조성","BMW 5시리즈 F/L, 한국서 최초 공개 못하나",에코프로이노베이션 포항에 이차전지 소재공장 건립,연 1.5% 코로나19 피해 소상공인 이차보전 대출 스타트,"박영선 장관 ""배달의민족 수수료 논란, 팩트체크 후 판단""",대만도 코로나19 충격 본격화…3월 수출 7% 감소 전망,한미 통화스와프 자금 85억달러 9일 추가 공급,"다급한 쌍용차 ""정부·産銀에 지원 요청""","소비자단체 ""10명 중 8명 이상은 배민-요기요 합병 반대""","대한자동차경주협회, 온라인 교육 통한 라이선스 발급 개시",온라인 개학에 웹캠 가격 폭등…20배 넘게 가격 올린 사례도,울산 민주당 '동남권 글로벌 숙련기술진흥원' 설립 공약 발표,"신한·하나은행 ""키코 분쟁조정안 회신 시한 연장 요청""",현대차의 중국 파격교환 프로그램…원조는 한국,"[주코노미TV] ""삼성전자 1분기 실적 악화…반도체 장기침체 가능성""","적자 못견딘 11번가·티몬, 식품사업에서 철수한다","금호석유화학 3개 노조, 사측에 임금 조정권 위임","2020 부산모터쇼, 끝내 취소 '2022년 기약'","예병태 ""마힌드라 투자철회 가슴아파…정부·금융권에 지원요청""",새벽배송은 적자늪?…오아시스의 3가지 흑자 비결,5월말 개막 예정이던 2년만의 부산국제모터쇼 전격 취소,'따뜻한 겨울 탓'…외래 돌발해충 부화율 10% 이상 늘어,[카메라뉴스] 서천 블루베리 본격 출하…1㎏당 4만원,"bhc 해바라기 봉사단, 식목행사",항공 첫 구조조정 몇명?…이스타 '750→350명' 축소 유력,편하고 실용적인 애슬레저룩 인기,"티웨이항공, 국제선 항공권 변경·취소 수수료 1회 면제","두산인프라, 中서 굴착기 32대 수주","4월 위기설? 기업 자금난?…금융위원장 ""근거 부족, 시장 불안만 키워""","SM상선, 머스크 MSC와 공동서비스 시작","""제네시스 G80, BMW5 시리즈와 라이벌""…해외 자동차 매체 찬사","수입차협회, 임한규 상근 부회장 선임","신학철 ""LG화학, 미래 투자 몸사리지 않겠다""","DGB금융 임원진, 4개월 간 급여 일부 반납…김태오 회장 40% 내놓는다",코로나 뚫고 삼성 주요 계열사 상반기 공채 시작…GSAT 5월 실시,"한국타이어, 초고성능 SUV 타이어 출시",코로나19 확산에 영양산나물축제 취소,강원도 건설업 선급금 보증 수수료 지원·지역업체 참여 제도화,"금호타이어, 4∼5월 대리점 할부 수수료 전액 지원","한국 간판 기업 이익률, 글로벌 기업의 절반 수준","넥센타이어, 독일 '레드닷 디자인 어워드 2020' 본상 수상","배달의민족 ""어려운 시기 요금개편 사과…개선책 강구""","농심, 용기면 신제품 '옥수수면'","이스타항공 ""인력조정 최소화""…300명 내외 구조조정 검토(종합)","현대렌탈케어, 1분기 매출 52% ↑…코로나에 공청기 '날개'","홍남기 ""실업·도산 최소화…최대한의 추가 대책보강 긴요""(종합)","이베코코리아, 2020년형 밴 '뉴 데일리' 출시","공영쇼핑, 매일 1000명 꽃다발 증정 '화훼농가 돕기 캠페인'","삼성·LG, 러시아 공장 '셧다운' 연장…브라질 등 일부 재개","[속보] 홍남기 ""실업·도산 최소화…최대한의 추가 대책 보강 긴요""","신용평가사 피치, KDB생명보험 등급 전망 '부정적'으로 하향 조정","홍남기 ""실업·도산 최소화…최대한의 추가 대책보강 긴요""","배민, '수수료 논란' 공식 사과…""개선책 마련"" [전문]","코로나에 무인주차장 이용 ↑…아이파킹, 방역 강화",[대구소식] 초기창업자에 최대 1억원 사업자금 지원,[분석+] 2300억 투자계획 철회…쌍용차 손 놓은 마힌드라의 속내는?,"피치, KDB생명 등급 전망 '안정적→부정적' 하향","DGB금융그룹, 임원진 4개월간 급여 20~40% 반납","'셧다운' 이스타항공 끝내 정리해고…""인력조정 최소화"""
2020.04.07,"일본, 긴급사태 선언한 날 역대 최대 경제대책 발표",증안펀드 투자관리위원장에 강신우 전 한국투자공사 CIO,"대한항공, 6개월간 직원 휴업 실시…전체 인원의 70%","금호그룹, 라임 통해 계열사 자금 아시아나 지원…위법 논란",경기도 9일 배달의민족 운영사 방문…배달앱 개선안 듣는다,연금부채 '100兆 꼼수 축소' 논란,완전히 달라진 '올 뉴 아반떼',국고채 금리 대체로 상승…CP 금리는 하락(종합),'디지털 금융' 손잡은 국민銀-하림,'코로나 대출' 빨라지나…금융社 면책제도 개편,"KOTRA, 글로벌 창업 돕기로",유조선 운임 폭등에도 '웃지 못하는' 조선업계,이동걸·정몽규 만났다…아시아나 인수조건 바뀌나,쪼그라든 준중형 시장에 '본때'…다시 아반떼의 시간,LG 4단계 공기청정 기능 에어컨,"최중경 前 지경부 장관 ""항모 가라앉는데…여객선만 본다""","정부, 석유수입·판매부과금 90일간 징수 유예",집밖은 위험하고 운동은 해야겠고…홈트레이닝 열풍에 아령·워킹머신 판매↑,'호모 e코노미스트' 꿈틀…전국민 '지름신' 오는 날 대비하자,편의점 도시락도 배달해 먹는다,현대重 '농어촌 살리기 캠페인',"코로나에도…주한독일기업 61% ""향후 1년간 고용, 현 수준 유지할 것""","""깎인 임금 달라""…국책은행 '시한폭탄'된 임금피크제",홈플러스 '켈로그 코코아' 단독 판매,"코로나19에 멈춰선 현대차 러시아 공장, 가동 중단 연장","[새로 나왔어요] 스파오, 쾌적한 데님 '쿨진'","임금피크제 개선 눈치보기만…""사문화된 명퇴제도 되살려야""","익산시, 기업 맞춤형 쌀 생산한다…1천580여 농가 참여","'최태원 vs 노소영' 이혼소송 2R…""새 가정 책임지려"" vs ""1조3000억 내놔""",삼성전자 반도체의 힘…1분기 '선방',재정건전성 10년來 최악…코로나 닥치기 前 '텅 빈 나라곳간',"봉쇄 뚫고 전세계 배송하는 아마존…""코로나 승자는 온라인 유통""","반도체로 버틴 삼성…""코로나 진짜 충격은 지금부터""",2년 만에 분기 영업이익 1兆 탈환했지만…웃지 못한 LG전자,"무림, '100% 자연분해 종이컵' 유럽인증 획득","대한항공, 전직원 순환휴직…이스타, 인력 20% 줄인다",벤처캐피털 투자 받은 기업 가치 분석해보니…1천억 이상 '예비 유니콘' 235곳,똑같은 휴직인데…대기업 직원은 외면하는 정부,회원 120만…쑥쑥 크는 '스마트 홈스쿨링',경량철골의 진화 시도하는 대한강재,"수자원공사, 코로나19로 어려움 겪는 협력업체 지원 모색",[포토]화끈하게 돌아왔다. 현대차 신형 아반떼,'외국인 돌아오나'…실적발표일에 삼성전자 순매수,코로나에도 잘 버틴 삼성·LG전자…2분기 걱정에 웃진 못해,국고채 금리 대체로 상승…3년물 연 1.047%,'대기업 DNA' 심은 교촌…실적 사상최대 점프,"싼샤그룹, 신에너지 자회사 상장 추진…4.3조원 조달","조국 자산관리인 ""정경심 '검찰에 배신당했다'며 증거은닉 지시""(종합)",대마 주요성분 기준치 초과 수입 대마씨유 판매중단·회수,"아시아나항공, 단기차입금 3000억 증액…스탠바이LC 사용","더플라자 첫 여성 총지배인 최난주 상무 ""서울을 대표하는 호텔로 만들어야죠""","LG전자, 코로나에도 1분기 '깜짝실적'…영업익 1조원대 달성(종합)","LG전자, 코로나 뚫고 1분기 영업익 1조 넘겼다","체육행사 취소로 4억원 굳은 SC제일은행 ""10만원씩 나눠준다""",'일자리 다툼' 양대 노총 광주 건설 현장 곳곳에서 마찰,"현대중공업그룹, 농어촌 살리기 캠페인…식자재·농산물 세트 구매","[특징주] LG전자, 1분기 '깜짝 실적'에 주가 강세",구미 코스닥 상장사 절반 작년 매출액 전년 대비 감소,"'수수료 0원' 군산시 배달앱, 가입자 폭증…하루 만에 7천929명","KOTRA, 78개 스타트업 해외진출 지원",'콜록콜록 으슬으슬' 혹시 코로나?…믿을 건 면역력 뿐!,"[새로 나왔어요] CU, 봄나물 넣은 간편식","KGC인삼공사, 290여개 안전성 검사 통과한 6년근만 담아…믿고 먹는 정관장",불매운동 타격 입은 유니클로…이번엔 '구조조정 메일' 구설수,"동원F&amp;B, 상위 3% 지삼급 '홍삼 10뿌리' 담아낸 천지인","매일유업, 단백질 듬뿍 든 '셀렉스' 마시고 면역세포 '튼튼'","장수돌침대, 전신 깊숙이 온기 전해 '꿀잠'…방문 설치때 소독 서비스도","[2보] LG전자 1분기 영업이익 1조원 넘겨…""코로나 영향 제한적""","바디프랜드, 림프·온열 마사지 기능 탑재…부종 빼주고 기초체온 높여","아이허브, 프로바이오틱스·비타민C…3만여종 건강상품 한 곳에",[속보] LG전자 1분기 영업익 1조원대 복귀…2018년 1분기 이후 최고,배달의민족 대신 전화 주문…치킨집 사장님은 행복할까?,"'증거은닉 혐의' 조국 가족 자산관리인, 법정서 혐의 모두 인정","아시아나항공, 자기자본 33% 규모 단기차입 결정",[이슈+] '배신의 민족' 된 배민…사장님들 뿔난 진짜 이유,"[새로 나왔어요]세븐일레븐, 블랙푸드 간편식 시리즈","아시아나항공, 3천억원 단기차입금 증액 결정(종합)",유럽·동남아로 '해외송금서비스' 확대하는 KB국민카드...국내 최초 '비자 다이렉트' 공식 출시,"석유공사, 알뜰주유소 외상거래 대금 상환 기한 연장","아시아나항공, 3000억원 단기차입금 증액 결정",2월 경상수지 64억弗…코로나 충격에도 흑자폭 늘어,작년 나라 빚 1700조 첫 돌파…국민 1인당 1400만원,"""정치인 말 한마디에 4조 증액? 그 돈은 어디서…"" 기재부의 한숨","5년 만에 풀체인지, 더 강력해진 현대차 '아반떼' 출시",신안압해-해남화원 도로공사 본격 추진…8일 입찰공고,"LG하우시스, 인테리어필름으로 유럽 공략","무협, 코로나 진단키트 수출 지원","울주군, 올해 40개사 중소기업 수출보험료 지원 확대","중기부-NH농협은행, 코로나19 피해 지역 소상공인 지원 '맞손'","KB금융, 자산관리복합점포 추가 개설…총 71곳으로 늘어","상상인그룹, 골목식당 선결제 운동…임직원에 4억어치 지역화페 지급","신세계인터 ""한방화장품 '연작' 中 온라인매장 연내 확대 계획""","코로나 피해 소상공인·영세업자…국세청, 6월말까지 체납처분 유예",다 바뀐 '올 뉴 아반떼' 1531만원부터…사전계약 1만6849대,"콜센터 노조 ""구로 콜센터 감염, 원청 에이스손해보험 책임져라""",'절박한' 원유 생산업체에 수요 부진에 할인 경쟁,코로나19 위기 석유업계 지원…수입·판매부과금 징수 90일 유예,"현대차, 7세대 신형 아반떼 출시","""예상은 했었지만…"" 유니클로 구조조정설로 뒤숭숭","소비자원 ""소비자 94.1%, 제품구입 때 품질비교정보 영향 받아"""
2020.04.08,"WTO ""코로나19로 올해 세계 무역 32% 감소할 수도""","""독일 2분기 경제성장률 -9.8% 전망""","수출길 막힌 패션업계 구조조정 시작…""의류벤더 살려달라"" 청원",코로나19 세계경제 충격파…OECD 경기선행지수 역대 최대폭 하락,"삼성 준법감시위원회, 권고안에 대한 삼성 회신 기한 한 달 연장","삼성 준법위, 이재용 '대국민 사과' 기한 한달 연장",화천·연천 멧돼지 6개체서 ASF 바이러스…총 496건,"서울신보, '코로나 대출' 보증…은행에 맡겨 빨리해준다더니",아모레퍼시픽·보광그룹 사돈 맺는다,"소상공인연합회 ""수수료 없는 배달 앱 개발 나서겠다""","쌍용차 사장 ""신차 개발·출시로 위기 극복할 것""","쌍용차 예병태 사장 ""모든 가능성 열고 최선의 방법 찾고 있다""","한화그룹 임원진, 경영환경 악화에 자진 급여 반납","홍남기, 영국 재무장관과 전화회의…코로나19 공조 방안 논의","롯데마트, 신선식품 반값 할인","경방, 한진 4대주주로…지분 6.44% 확보",코로나 경제충격 견뎌야…수출기업에 36조 풀고 내수 18조 보강,"구글플레이, 정부와 손잡고 국내 앱·게임 개발사 '스케일업' 지원","중소벤처기업부-SK플래닛, 청소년 앱 개발 대회 참가자 모집","요기요 창업 멤버의 새 도전…""홈클리닝 시장 독주할 것""","SPC그룹 승계작업 속도…허영인 회장, 장남에 40만株 증여",김지혜·허덕수 대표 '4월의 중소기업인',차분히 치러진 故조양호 회장 1주기…조현아 뺀 한진家 한자리(종합),"KOTRA, 해외진출 지원 화상상담장 15개로 확대","우기홍 대한항공 사장 ""여객수입 月 6000억씩 사라져""","천보 ""종속회사 중원신소재 주식 150억원에 추가취득""",현장 지원 나선 저축은행중앙회장,'급전' 목매는 기업들…지난달 은행서 빌린 돈 '역대 최대',"""코로나 진단키트 구해달라""…카타르 SOS에 응답한 가스公",서산 현대오일뱅크서 악취…주민 50여명 고통 호소,"""6개월 뒤가 진짜 위기…채권안정펀드서 여신금융債 사줘야""","산업은행, 유로본드 5억弗 발행 성공",보험사기 적발금 8809억 '사상 최고',외투기업 설명회도 '줌'으로 … 145명 60분 내내 참여,"마이다스인, '비대면 채용 솔루션' 무료제공",코로나 피해로 빚 못 갚는 개인…대출 상환 1년 늦춰준다,"""2000억 新시장 열려""…친환경 보일러 大戰 '후끈'",[단독] 위기의 두산…솔루스 매각 나선다,국고채·회사채 금리 하락…CP 금리 급등세 진정(종합),"코로나19로 '연체 위기' 맞은 신용대출자, 원금 상환 유예받는다",음악저작권 공유플랫폼 '뮤직카우' 70억 시리즈B 투자 유치,파주서 농업수로관 터져…영농철 용수 공급 차질,"""노조가 경로를 벗어났습니다""…車가 산으로 가는 '광주형 일자리'",무역금융에 36조 +α추가 공급…'소·부·장' 환경규제 한시 완화,음식·숙박료 80%까지 소득공제…자영업자 세금납부 8월까지 연장,여행·항공 마일리지 적립 카드 '실종',"기재차관 ""기은의 소상공인 금융지원, 경영평가서 고려할 것""","정세균 총리 ""코로나지원금, 고소득자 환수 전제로 전 국민 지급도 가능""","""다른 사람과 같이 쓰면 위험해""…흔들리는 공유경제 유니콘 'W·A·U'",차라리 걷자…지하철·버스 텅~ 출퇴근 풍경도 변했다,"공유경제 외면받는데 '공유주방'은 인기, 왜?",연체 위기 맞은 신용대출자에 최대 1년 원금상환 미뤄준다(종합2보),"나이스신평 ""철강업 시장환경 악화…수익성 기대 낮춰야""",신평사 1∼3등급 소상공인도 은행 '코로나 대출' 가능,"한농연 강원 ""농어민수당 지체 말고 계획대로 지급하라""","S&amp;P ""한국기업 신용등급 부정적 조정 당분간 지속""","육군 1군단, 5월까지 지역농산물 40여억원어치 구매","조현아 빼고…이명희·조원태·조현민, 故조양호 회장 1주기 한자리","정부, 오늘부터 교통 분야에 공적마스크 250만개 단계적 공급",올 주총서 사내외 이사 반대율↓·감사 반대율↑,㈜케이씨모터스 리무진 생산에 3D 프린터 국내 최초 도입,"중기부, 벤처와 스타트업에 총 2조2000억원 '긴급 수혈'한다",국고채 금리 일제히 하락…3년물 연 1.024%,"홍남기 ""내주 2차 추경안 국회 제출…국채 발행없이 재원 충당""(종합)",파주 파평일반산업단지 2022년 조성된다…계획 승인 앞둬,음식·항공·공연에 카드 쓰면 소득공제 일괄 80%…6월까지,"군산시, '부실시공' 하수관거 잔여 구간도 정밀조사",올해 8천400개 스타트업·벤처에 2조2천억원 추가 공급(종합),"스타필드, 입점업체 임대료 30% 내린다",연체 위기 맞은 신용대출자에 최대 1년 원금상환 미뤄준다(종합),코로나직격탄 음식·항공·공연업 등에 쓰면 카드공제 최대5배로(종합),[장성소식] 신재생에너지 보급 지원 55→70% 확대,[새로 나왔어요] 세븐일레븐 '허쉬초코앤밀크콘','항공업계 선구자' 故조양호 회장 1주기…조현아는 추모식 불참,"코트라, 화상상담 부스 15개로 확대…""코로나로 수요 증가""",전편보다 재미있는 속편 광고 인기,"'아마존 전략' 지킨 위메프, 버린 11번가…승자는?","국민연금, 올해 1분기에 반도체·제약 관련주 사들였다","대한항공 노조 ""정부가 골든타임 놓치지 않는 지원 해달라""","'집콕' 덕에 전북 1분기 로컬푸드 매출, 전년대비 25% 증가","""불황 길어질수록 프리미엄 식품시장 성장할 것""","관세청, FTA 원산지 증명서 24시간 자동 발급","삼성디스플레이 LCD 패널 공백, 중화권 업체가 채운다","홍남기 ""내주 추경안 국회 제출…국채 발행 없이 재원 충당""",[새로 나왔어요] 네스프레소 전자동 커피머신,"현대모비스, 대리점 긴급 경영 지원 나선다","""소상공인 긴급지원이라더니 대출 접수에만 5일 걸렸다""","성윤모 ""코로나로 국내기업 해외 주요 공장 27% 가동 중단""","코로나에 궁지 몰린 에어비앤비, 10%대 고리 자금 조달","[속보] 홍남기 ""다음주 중 국회에 추가경정예산안 제출""","한경연 ""IMF 사태 이후 처음으로 한국 경제 '역성장'한다""","[속보] 홍남기 ""다음주 중 국회에 추가경정예산안 제출""","완주 로컬푸드, 서울 친환경 직매장에 첫 공급",식물서 백신개발 '바이오앱'과 포스코인터내셔널 업무협약,"최태원 ""67년 前 SK 창업정신으로 위기 극복""",코로나19發 경영난 겪는 대리점 지원 나선 현대모비스,"LG화학, 릴레이 헌혈 캠페인","포스코청암재단, 2020년 포스코청암상 시상식 개최","삼성전자서비스, 인공지능 채팅 상담 '챗봇' 서비스 도입",현대차 '수출 절벽'…투싼 라인 휴업
2020.04.09,'코로나19 본격화 전인데도'…영국 2월 GDP 0.1% 감소(종합),코로나19 충격에 중국 1분기 승용차 판매 40% 급감,"중국 ""기준금리, 시장금리와 점진적 연동""","괴리율 과도한 원유ETN, 13일부터 단일가매매 시행","석유公, 비축유 구매 두 배 늘린다","""두산그룹, 두산솔루스 사모펀드에 매각 추진""","""코로나 확산 막자""…현대차, 마스크 생산한다","국고채 3년물, 첫 0%대 진입…기준금리 추가 인하 기대감",'코로나19 본격화 전인데도'…영국 2월 GDP 0.1% 감소,"충북농기원, 느타리버섯 신품종 '수타리' 품종 보호권 확보","충북농기원, 머스캣 포도 향 '고구마 술' 특허기술 업체 이전","텔루라이드, 한국 최초 '세계 올해의 차'",色다른 삼성 냉장고…3도어도 출시,"GS칼텍스, 여수공장 연료 LNG로 다 바꾼다","""국내 유일 효율 1등급 비결요?…공기 드나드는 부품 확 키웠죠""","우리금융, 자금 숨통 트이나…'숙원' 내부등급법 도입 눈앞",꿀잼이네…은행 '유튜브 경제강의' 인기,"신한카드 ""이젠 얼굴로 결제하세요""",반도체 생산라인 둘러보는 성윤모 장관,최대 2억 신속대출…貿保 '수출 불씨' 살린다,소상공인·취약계층에 가스料 납부 3개월 유예,가족돌봄 지원 최대 50만원으로,'코로나 대박' 석달 만에 추락한 줌,현대차그룹 국내서 마스크 만든다…임직원 안전 확보,비축유 구매 1.8배 늘린다…같은 돈으로 작년 2.4배 매입 가능(종합),"한은 ""1% 성장도 쉽지 않다""…본격 양적 완화 선언","중국 정부, HDC현산-아시아나항공 기업결합신고 승인",한은 금리인하 기대에 국고 3년물 금리 첫 0%대 마감(종합),이런 숫자를 보게 될 줄이야…김포공항 국제선 이용 9만→0명,면세점 명품 매출 74억→1억원…까르띠에·티파니 '사실상 제로',"'디지털 화폐' 패권경쟁…中 인민銀, 연내 세계 첫 발행","농협銀, 친환경 농산물 꾸러미 소외계층에 전달","신반포15차 조합, 시공사설명회·총회 결국 또 연기","""법인카드 선결제 후 물품 판매·용역 제공 입증해야""",포항사랑상품권 1천500억원어치 푼다…20일부터 10% 할인 판매,"금통위, 기준금리 동결했지만…전문가들 ""하반기엔 금리 내릴 것""","이주열 총재 ""성장률 1%대도 쉽지 않다…금융위기 때보다 충격 클 것""","에이테크 '퓨리클' ""맑은 공기를 휴대하세요""…조명기능 넣은 공기청정기","인천공항 입점 포기한 롯데·신라 ""임대료 깎아줘야 재입찰 참여""","""아시아나 포기 안 한다""던 HDC…산은과 인수조건 변경 '물밑협상'",[단독] 알짜사업 팔아 위기탈출…'두산 승부수' 이번에도 통할까,'아기유니콘' 200개 선발…업체당 159억까지 지원,"비행기 못 뜨는 탓에 대형 A380 조종사들, 면허 날아갈라 '비상'",길어지는 집콕 생활…가구 온라인 매출 '쑥',교보생명의 강공…이번엔 안진회계 檢 고발,"""정부지원 끊기면 바로 해고""…44만명 떨고 있다",일상서 '격리'되는 지폐…빠르게 C에서 D로 간다,"외식 줄고, 급식 안해 감자 가격 연일 하락세…20㎏ 도매가 1만8244원","'코로나 여파' SK종합화학, 프랑스 화학업체 인수일정 지연","증권가 ""한은 내달 금리인하 전망…경기침체 대응 필요""(종합)","이마트, 대게 35% 할인…한 마리에 4만5000원",합치긴 합쳐야 되는데…'롯데ON'의 고민,에코프로씨엔지 120억원 들여 포항에 이차전지 재활용공장 설립,"'타다 베이직' 모레부터 중단…VCNC, 차량매각 등 사업축소","강원농기원, 농업기계 119 긴급 출동 서비스 제공",증권사 회사채 직매입할 수 있나…한은 내부 법해석 이견,국고채 금리 일제히 하락…3년물 연 0.986%,"홍남기 ""정부, '포스트 코로나' 시대 미리 준비해야""","""코로나도 결혼은 못막아""…신혼가전 나홀로 특수",농산물 수출규제 속출…코로나19에 식량안보 흔들릴라,"부산은행, 부산 유치원 초등학교에 마스크 6만여개 등 지원","석유공사, 64만배럴 비축유 구매…계획보다 1.8배 늘린다",추억의 '빨간 보온병' 다시 나온다,"국세청 ""성실납세로 받은 세금포인트로 중기제품 할인 혜택""","생명·손해보험협회 ""보험계약 중도해지 대신 다양한 제도 활용하세요""","현대제철, 서울 잠원동 사옥 판다","자동차 실내 살균 램프…서울바이오시스, 中에 공급",세금포인트로 온라인에서 중소기업 제품 살 수 있다,롯데 성적따라 이율 우대…부산은행 가을야구 정기예금 출시,P-CBO 내달말 1차 5천억 지원…신속인수제는 5월 차환분부터(종합),경기도·군산시 손잡고 '배민' 대응 공공 배달앱 개발 육성,'빅컷·한국판 양적완화' 뒤 효과 지켜보자는 한은(종합),"순천시 ""터미널 주변 빈 점포 창업공간으로 변신한다""","은행, 고객 빅데이터 활용한 맞춤형 서비스 가능",미쉐린 식당도 '테이크 아웃'…셰프들은 유튜버로,캠코 임대료 인하·선박펀드 조기 집행 등…경제회복 지원,"삼성전자, 두달간 '주 4일 근무제' 시행…""육아부담 등 고려""",아기반찬의 새로운 건강 아이콘,"KCGS ""상법 시행령 개정으로 사외이사 반대 권고율 ↓""","""지방 세수 최대 5.6조 줄어들 것""","권오갑 ""선박 자율운항 시대…현대重이 주도""",금감원 '원유 ETN' 소비자경보…최고등급 '위험' 첫 발령(종합),검찰 '라임 사태' 관련 코스닥 상장사 에이치엔티 압수수색,신선 회 '드라이브 스루' 판매하니…노량진 매출 회복,"포스코에너지, 강원도 삼척 산불피해 지역에 나무 5000그루 심어",코로나 위기를 기회로 만들려면 회복탄력성 큰 기업문화가 '필수',"항만물류 코로나 충격 가시화, 해운동맹 선박 줄줄이 결항","기아차 텔루라이드, 자동차업계 오스카상 받았다",코로나에 손든 마사회…사상 첫 '비상경영',"윈하이텍 ""관계사 이스트베이 주식 81억원에 취득…지분율 17%""","S&amp;P ""광물자원공사, 코로나19로 생산 차질""…자체신용도 하향","""코로나에도 연구 계속"" 中企 연구개발비 부담 2조원 덜어준다","이주열 ""올해 1%대 성장 쉽지 않다…금리정책 여력 있어""(종합2보)","증권가 ""한은 5월 금리인하 유력…경기침체 대응 필요""",코로나19 덕 봤나…디즈니+ 가입자 5천만명 돌파,"GS칼텍스, 공장연료 전량 LNG로 대체-친환경 경영 속도",소상공인·취약계층 도시가스요금 납부 3개월 유예,"식약처, 유통기한 경과 원료 사용 맥주 판매중단·회수",금감원 '원유 ETN' 소비자경보…최고등급 '위험' 첫 발령,"순천 매실·봉숭아 농가 저온 피해…농민회 ""대책 마련해야"""
2020.04.10,"타다 베이직 중단…박재욱 ""생각과 힘 쏟았지만 역부족""","문성혁 해수부 장관 ""항만 검역·방역 빈틈 없어야""","[전문] 타다 박재욱 대표 ""한달간 새모델 짜냈지만 역부족…드라이버들에 송구""","르노삼성, 2019년 임금 협상 잠정 합의",잘 나가는 LG 트롬 건조기 스팀 씽큐,파국 피한 르노삼성 노사…임단협 잠정 합의,"푸르덴셜생명 제값에 샀나?…""인수 가격 2.3조면 남는 장사""","라임 환매중단 펀드, 7월부터 상환 시작",자산 팔아 현금 챙기는 기업들…2월 이후 '건물·토지·설비' 매각액 1.3조,"배민, 열흘만에 백기…""요금체계 변경 전면 백지화""","포스코, 자사주 1조원 매입","KB금융, 보험 '왕좌' 되찾을까…""푸르덴셜 앞세워 신한 잡는다""","포스코, 1조원 자사주 신탁계약…""주가 저평가 개선 의지""",'위기는 과연 기회인가'…고려종금 윤과장을 꿈꾸는 동학개미들,[속보] 르노삼성차 노사 임단협 잠정 합의,"한국은행 경고를 재경원이 묵살?…위기 감지, IMF 막으려 안간힘",돈세탁·마약 거래·n번방…그때마다 어김없이 등장한 '그것',"""포스트 베트남 잡자""…국내銀 경쟁 본격화","매달 축적한 4억건 결제 데이터…비씨카드, 스타트업에 제공한다","돈·인간관계·사회활동…은퇴준비 ""어떻게 되겠지""는 금물","식약처, 잔류농약 기준 초과 수입 건조 국화 판매금지·회수","김석동 ""대한항공 위기 타개 위해 정부·금융기관 도움 필수""","식약처, 무신고 수입산 실리콘 지퍼백 판매중단·회수 조치","금융당국, 마스크업체 등 69개 코로나 테마주 집중 감시","이재명에 무릎 꿇은 배달의민족 ""요금제 개편 전면 백지화""",내년부터 1회용컵 퇴출키로 했는데…코로나에 재활용 딜레마 빠진 환경부,여론 공세에 백기 든 배달의민족…열흘만에 수수료 인상 철회,코로나19에도 올해 공공기관 2.6만명 채용 그대로,국고채 금리 대체로 하락…3년물 연 0.970%,"[여행소식] 휘닉스 평창, '휘닉스 루지랜드' 운영 개시","배달의민족, 새 요금제 철회…거센 반발에 열흘만에 백기(종합)","유성복합터미널 좌초 위기…대전도시공사, 용지계약 해지 절차","광양항배후단지기업 ""화물연대 파업 방치, 항만공사 각성해야""","자동차 업계 ""코로나19 여파로 28조원 유동성 차질""","광주 소매유통업체, 2분기 경기 전망 '최악'","폭스바겐코리아, 전국 공식 판매사 대상 소독 강화",코로나19에 안전자산 선호…금값 사상 최고(종합),"""K2전차 3차 양산사업도 늦어지면 도산 위기""","현대차 브라질, 기아차 멕시코 공장도 가동 중단 연장","불매 진화 나선 배민 ""오픈서비스 백지화…수수료 월정액 복귀""[전문]",중고나라서 '코로나 긴급지원' 상품권 못 판다,"배달의민족 ""요금개편 전면 백지화…이전 체제로 복귀""","김광수 농협금융그룹 회장 연임…""1년 더""",고성 송지호 해안에 방재림 조성…해송 2천485본 식재,"전기車 포르쉐 타이칸, '2020 세계 올해의 자동차' 2관왕 올랐다","울산시 ""배꽃 동상해 방지기술 도입…농가 피해율 15%↓""","""코로나19 위기 손잡고 함께 극복"" 한국타이어 임직원 결의","포르쉐, '타이칸' 올해의 자동차 2관왕 수상",충남도 연말까지 인삼류 안전성 점검…2024년엔 실명제 도입,"""미국 2분기 GDP 26.5% 감소 전망""…NABE 전문가 설문",막 오른 반포3주구 수주전…대우건설·삼성물산 격돌,박찬구 회장 '통큰 상생'…전직원에 100만원 격려금,"車업계 ""수요·공급망 차질 4개월 계속되면 28조원 유동성 부족""","채안펀드, 여전채 매입 첫 확정…해당 여전채 14일 발행",세계는 배달로봇 경쟁인데…'배민 수수료'에 '공공 앱'까지? [안정락의 IT월드],"정부 ""코로나 대책 규모 500조원 육박…결코 적은 편 아냐""","서울 택시단체 ""개인택시 자격완화 규탄""…국토부 주변 차량시위",'독거미' 장갑차·'퀀텀아이' 카메라…무기 브랜드 시대 여는 K방산,외국인 3월 증시에서 13조5000억원 내던져…금융위기보다 많아,"KB금융, 푸르덴셜생명보험 품는다…비은행 부문 강화","태웅로직스 ""지엘에스코리아 주식 68억원에 취득…지분율 100%""","KB금융 ""푸르덴셜생명보험 주식 2조2천650억원에 취득""",김광수 농협금융 회장 1년 연임…주총서 확정(종합),"대림 디움몰, 최대 40% 할인 기획전",시몬스 맨션 구미점 오픈,"이성희 농협회장 ""코로나로 어려움 겪는 농업인 지원이 급선무""","정부 ""코로나19 대책 150조 규모…간접지원효과 349조""",2월 통화량 전년대비 8.2% 증가…4년만에 최대↑,"지급 대상, 전 국민? 하위 70%?…'코로나 지원금' 궁금증 총정리",코로나19 첫 산재 인정…구로 콜센터 직원,"오늘 베이직 종료 '타다', SNS에 ""이동의 기본 지키겠다""한 이유는","NH농협금융지주, 김광수 회장 연임 확정","김진숙 도공 첫 여성 사장 ""코로나19 위기…비상경영체제 가동""(종합)",코로나19로 中소비자물가 급등세 지속…3월 CPI 4.3%↑(종합),OPEC+ '1천만배럴 감산' 합의 난항…멕시코 거부(종합),김광수 농협금융 회장 연임 유력…임추위 오늘 결론,"체어맨, 렉스턴에 이어 3번째 쌍용차를 가질 수 있을까 [김보형 기자의 시승기]","LG생활건강 샤프란 아우라, 펭수 출연 첫 TV광고 선보여",코로나19에 안전자산 선호…금값 다시 고공행진,"도요타코리아 ""원하는 곳으로 살균소독된 시승차 보내드립니다""",[이슈+] 코로나 피해 온라인 신차공개 나선 車업계 '진땀',"""군부대까지 나섰다""…농번기 일손 부족에 쏟아지는 관심","블룸버그 ""文, 코로나 사태에 경기침체 가려져 '수혜' 입었다""","기보, 채무감면 상환연장 등으로 재기지원 나서",금주 신설법인 922개..전주 대비 100여개 감소,"미쉐린, 코로나19 극복 위한 의료 용품 생산",코로나19로 중국 소비자물가 급등세 지속…3월 CPI 4.3%↑,부산항만공사 '북항 마리나 운영 사업자' 공모,"국제금융협회, 최빈국 채무상환 유예 국제사회 공조 촉구","""그림 그리며 마음의 치유를"" 지미추, 슈즈 드로잉 캠페인",한빛 5호기 계획예방정비 착수…코로나19 방역 철저,"기업·국민·산은, 미얀마 진출…법인·지점설립 예비인가 받아","삼성, 전세계에 코로나19 극복 메시지…""함께 이겨내자""","""집에서 감상하세요""…GS칼텍스 예울마루, 온라인 공연","금감원, 삼광글라스에 합병 증권신고서 정정 요구",헤지펀드들 3월부터 中 증시 투자 크게 늘려,3월 신용카드 오프라인 사용액 10% ↓…온라인은 22% ↑,"OPEC+ '1000만 배럴' 감산안 무산 위기…""멕시코 거부에 10일 재협상""","현대차, 코로나19 극복기원 영상 5일만에 300만회 시청",도공 새 사장에 김진숙 전 행복청장…51년만에 첫 여성 사장
2020.04.11,"코로나19 고통 분담…제천시농민단체, 행사 보조금 반납","KST모빌리티, 마카롱 택시 제주 서비스 확대",'코로나 집콕' 30·40대로 미어터진다…온라인 '취미 플랫폼',주유소 휘발윳값 11주째 하락…대구지역 1천200원대로,화천·철원·연천 멧돼지서 ASF 12건 추가 확진…총 518건,[증시풍향계] 1분기 실적 향방·미중 경제지표 주목,용인 기흥힉스첨단산단 놓고 갈등…업체 소송·지자체 고발전,"의료용품 세계시장에서 별볼일 없던 한국, 코로나로 반등 기회",주유소 휘발윳값 11주째 하락…대구지역 1천200원대로,한국기업 해외공장 셧다운 장기화…아시아 빼고 사실상 '올스톱',"주요 백화점, 주말 정기세일 계속…아웃도어·골프용품 등 행사",,,,,,,,,,,,,,,,,,,,,,,,,,,,,,,,,,,,,,,,,,,,,,,,,,,,,,,,,,,,,,,,,,,,,,,,,,,,,,,,,,,,,,,,,
2020.04.12,코로나19 국내 車 산업 역습…기아차 수출공장 가동중단할 듯,"""지난해 국민 평균 7.6회 국내여행, 98만원 지출""",65인치 스마트TV가 55만원,백화점 '명품 불패'가 계속 된다고?,유통업계 '핫이슈'로 떠오른 라이브커머스,"중기중앙회, 수출 지원 '온라인 전시회' 참여기업 모집",中企 R&amp;D 사업 책임자 공모…중소기업기술정보진흥원,혼수철 특수 실종…온라인으로 돌파구 찾는 가전·렌털업계,11주 연속 기름값 뚝,농번기 인력난에 軍도 나섰지만 농민들은 '글쎄',"공정위, '입찰 담합' CJ대한통운 등… 5억대 과징금 부과","한은, 이번주 非은행 대출방안 확정한다",세계공장 70% 셧다운…車업계 '생존형 짝짓기' 속도낸다,"코로나發 '재활용품 대란'…정부 ""수거업체 지원""",中 '코로나 전쟁' 끝내고 내수 재건 가속…친환경車 규제 완화,"신한銀-무보, 中企의 해외 법인 지원 MOU","""중기 대출 목표 10조원 늘리고 영업점 평가 기준도 손질""",'코로나 대출' 재원 이달에 소진,튀는 이름도 무기다…K방산 브랜드 시대,"""5G·자율주행 기술 앞서간다""…LG전자 특허 1년새 4457건↑",화물차 유가보조금 3억원 부정수급 97명 적발,"'바다 사나이' 김재철 동원그룹 회장, 스마트팜에 꽂혔다.","기업 돈줄 마르는데…정부 ""한은 제안한 회사채 보증 계획 없다""","정유·조선·철강도 수출 '뚝뚝'…""감산밖에 답이 없다""","미, 유럽 차딜러 ""영업 중단하니 그만 보내라""…자동차 최악의 '수출 절벽'","윤종원 행장 ""中企 대출목표 10조↑…상반기 정규직 250명 채용""","윤종원 기업은행장 ""중소기업 살아야 국가경제 바로 서…공적 역할·수익성 추구 조화시킬 것""",산지 감자 5000원인데 마트 가격 8만원인 까닭,"배우자 6억, 자녀 5000만원까지 '증여세 공제'…주식 증여는 주가 하락 때 유리",타다 프리미엄 사업설명회 개최…택시 기반 서비스 확대하나,'코로나 쇼크'로 흔들리는 외식시장…그래도 프랜차이즈 성장 계속된다,2030세대가 꼭 가입해야 할 '금융상품 3총사','공포'가 지배하는 금융시장…스마트하게 대처하는 법,"의료전문 P2P업체 모우다 ""코로나 대출""…메디칼론 받았어도 최대 5000만원까지 OK",n번방서 사용된 '다크코인' 거래 추적 가능할까,"""신인 설계사 실적상위 비결은 SPAC""","""예전에 샀는데 또 사요?"" 물어봐주는 현대카드",골든구스 '런닝솔 스니커즈',"""온라인쇼핑 마저도 전망 어둡다""…유통업 경기전망 역대 '최악'","'재무통' 최정우의 승부수…""포스코 미래 확신""","한은 ""코로나 장기화, 세계 경제에 전례없는 충격""","김용범 ""구박 받은 국내 제조업…코로나 극복 도운 숨은 영웅들""",포브스 '亞 30세이하 300인 리더'에 스타트업 대표 21명 포함,"쌍용차, 급한 불 끄나…마힌드라서 400억 수혈",현대차그룹 협업 스타트업 모집…제로원 엑셀러레이터,"카카오뱅크 해외송금, 3년 만에 100만건 돌파","부산銀, 지역화폐 충전카드 출시","현대차그룹, '제로원 엑셀러레이터 2020' 1차 모집","금융위 ""기업 금융상품 손실 검토때 정부지원 등 고려해야""",중소기업 R&amp;D 사업 책임자 '프로젝트 매니저' 공모,"중기중앙회, 올해 온라인 전시회 사업 참여기업 모집","한은 ""코로나 장기화땐 취약국 재정·외환위기 초래""","금감원, 주식연계증권 과다발행·한계기업 등 180곳 심사·감리","""봄을 잃은 섬유업 등 자금난 호소…대기업도 지원 필요""","국세청, 7월부터 중소기업에 '맞춤형 세무 컨설팅'","은행권, 소상공인에 4천억 초저금리 이차보전대출 집행","서울시, 올해 주택·건물 750곳 태양광 지원…24억원 투입","쌍용차, 숨통 트였다…마힌드라서 400억 긴급 수혈",어선원 재해보상보험료 4~6월분 납부기간 3개월 연장,"농식품부, 급식중단 피해 친환경농산물 판매 지원…1천164t 팔려",농번기에 코로나19 인력난…농촌인력중개센터 22곳 추가설치,아프리카돼지열병 방역 위해 공중방역수의사 확대 배치,택배물량 폭증에 기사 과로…신입기사엔 60∼70%만 배정 권고,코로나에도 3월 車 생산·내수·수출↑…개소세 인하·신차효과,유통업 경기전망 역대 최악…온라인쇼핑도 '잿빛',"""온라인쇼핑 전망도 부정적""…대한상의, 2분기 유통업 전망","""세계교역 증가율 6%P↓…코로나 사태 끝나도 한국 V자 반등 어렵다""","쌍용차, 마힌드라서 400억원 수혈…""철수설·시장 불안 해소""","SK이노, Hi !nnovation 도 기억해 주세요",닌텐도 '코로나 특수'…언제까지 계속될까,BNK부산은행 지역화폐 동백전 카드 출시…추가할인 혜택,TV패널 새 공급처 찾는 삼성전자…'악연' 샤프 손 다시 잡나,코로나19로 폐쇄한 충남 가축시장 10곳 재개장,"쌍용차, 마힌드라 400억 신규자금 조달 확정","더나은 보금자리론, 한도 3억→2억원으로 '축소'","'1000만명 가입' 쿠팡페이, 결제 시장 선전포고","""꽃을 든 CEO""…SK→삼성→롯데→LG 화훼농가 돕기 릴레이 참여","미 공화당, 사우디에 원유감산 압박…""구체적 조치 해야""","외국인투자자, 국내주식 '팔자 행진', 채권투자는 '역대 최대'","임원 연봉 1위 기업 엔씨소프트, 평균 11억 넘어","""경기도민 10명 중 9명, 자동차 인증 대체부품 사용 의향""",14일부터 '더나은 보금자리론' 한도 2억원으로 축소,"신한은행, 중소·중견기업 해외법인에 운전자금 대출",우리금융 젊은 직원이 경영진 디지털 멘토가 된다,"삼성 시스템반도체 비전 1년, 코로나19에 '삐걱'",[통통 지역경제] 수수료 '0원'…'배달의 명수'로 코로나19 넘는 군산,"국민은행, 캄보디아 1위 소액대출금융사 지분 인수 마무리","KB국민은행, 캄보디아 '프라삭 마이크로파이낸스' 지분 인수 완료",조선업도 '코로나 파도'…유가급락·물동량감소에 수주절벽 우려,"정유업계 ""출구가 안보인다""…산유국 감산 합의돼도 영향 미미",정유4사 1분기 적자 2조5천억원 넘긴다…재고손실 '산더미',"두산그룹, 두산솔루스 지분 61% 전량 매각 협상","""골든타임 놓칠라""…진도 안나가는 정부의 항공업계 지원책",'미국식 유동성 공급' 논의 군불지핀 이주열…공은 정부·국회로,'코로나19에 예적금도 보험도 깬다'…3월 해지액만 11조,"""ELS 원금손실 확정되셨습니다""…만기 ELS·DLS '폭탄주의보'","코로나 '경제 여진'은 계속…""재정이 '주포'로 나서야""",'코로나 극복' 기간산업 정부대책 언제쯤…항공 등 고사 위기,[코로나위기진단] ② 김영민 LG경제연구원장·이동근 현대경제연구원장,"[코로나위기진단] ""'포스트코로나' 땐 글로벌공급망 변화…다변화·국산화 필요"""
2020.04.13,"허리띠 졸라 맨 한국지엠, 지난해 손실액 크게 줄어","두산重 ""매각 가능한 모든 자산 팔겠다""",갤러리아百 '최고급 보석 소금',"두산, 채권단에 자구안 제출…""두산솔루스 매각""(종합)",대구시 코로나19 대응 수출기업 지원책 마련 화상회의,"청년재단, 코로나19로 어려운 청년 취준생에게 온누리상품권 준다",도시가스협회장에 송재호 회장,"이병헌 신임 중소기업연구원장 ""30년간 中企 곁에서 훈수…이젠 현장서 위기 챙길 것""","[김정은의 핫템잇템] 쿠첸 '로봇쿠커 마스터', 재료만 넣어주면 스스로 조리","한미글로벌, 사회복지시설에 기금 전달","한세실업, 아이티 등에 마스크 전달","소진 임박한 '코로나 대출' 지속가능성은?…""이대론 안된다""",에이스 추격 나선 시몬스…다시 불붙는 형제 간 '침대 경쟁',업무용 프로젝터 'LG프로빔','버팀목' 반도체마저 우울한 전망,LG엔 일 중독자 'R 파트장'이 있다는데…,"“코로나 극복하자”…한수원, 1억4000만원 기부","한은, 창립 70주년 주화세트 발행","정부, '생계 곤란' 건설 근로자에 200만원 무이자 대출",상조상품 할인 미끼…'고객 빼오기' 처벌 받는다,"라임 ""모펀드 2개 예상 회수액 5천400억원…내달 분배 시작""","파리크라상, 경총 한국노사협력대상 수상","금융당국, '차명주식' 이호진 전 태광 회장 검찰 통보",'믿는 구석' 수출마저 끝내 꺾였다,"'신제품 융단폭격' 오리온, 매출 2조 뚫었다","충북 택시업계, 급속 확장 가맹택시에 '공동 대응' 합의",글로벌 완성차 '셧다운'에 국내 타이어 공장도 연쇄 가동중단,"""신청일 이틀 더 많아서""…정부, 3월 실업급여 급증에 옹색한 해명","실업급여 수급자 60만명…""이마저 빙산의 일각""","집에서 콜센터 업무, 공무원도 자율출근…일하는 방식이 바뀐다","렌털업체부터 자동차 전장·반도체 장비社까지…""350만대 공기청정기 시장 잡자"" 잇단 출사표",1000만이 쓰는 신한銀 '쏠'…은행 모바일 뱅킹 앱 선두로,"OK저축은행 ""학생 자녀 둔 임직원에 노트북 3대까지 임대""",코로나 피해기업 찾은 신용보증기금,보험설계사 파격 대우…토스의 채용실험 통할까,유럽發 부품 공급 차질에 '실낱 희망' 車내수도 자갈길,"대구은행, 소상공인 대상 DGB biz 소호 카드 출시","모비스 ""종속회사 블록베이스 주식 9억원에 추가취득""",삼성화재 '디지털 영업의 힘'…알짜 보험가입↑,"두산, 두산중공업 자구안 제출…""매각가능한 모든 자산 검토중""",경남도교육청 기준미달 마스크 학교에 공급했다 전량 회수,통화스와프 자금 3차 공급…최대 40억달러 풀린다,울산 문수야구장 직원 '인조잔디 불규칙 바운드 개선 장치' 특허,"""코로나19로 다들 어렵다 하지만…"" 3월 해외진출 성공한 패기의 중소기업",신반포21차 재건축 수주전 GS건설·포스코건설 2파전,"수공, 대전시에 온라인 수업용 컴퓨터 750대 기증","대구 소상공인 ""신천지 상대로 집단 손해배상 소송""",HMM 세계 최대 컨테이너선 28일 부산 신항서 취항,국고채 금리 일제히 상승…3년물 연 0.996%,"'제주광어 사고, 해안도로 드라이브도 즐기고'",고영 1분기 영업이익 56억원…작년 동기대비 16.6%↓,강원 동해안 '국내 대표 해안 드라이브 코스' 조성,"기아차, 경기 오산교육센터를 코로나19 치료센터로","농협은행 전남영업본부, 코로나19 위기 소상공인 지원","한국은행, 14일 3차 한미통화스와프 자금 푼다…40억달러 규모",코로나19에 안전자산 선호…금값 이틀째 최고치,"세계여행업협회연맹, 각국 정부에 긴급 재정지원 요청",한미 통화스와프 자금 3차분 40억달러 풀린다…14일 입찰,"OPEC+ 감산 합의에 골드만 ""불충분""…유가는 일단 강세(종합)","정부, 납품대금 미지급 580곳 적발해 피해금 36억 지급 유도",완성차 생산 줄자…불 꺼지는 타이어 공장,"아이파킹, 현대차그룹 '카페이' 주차장 부문 제휴","패션 온라인몰 1위 무신사, 지난해 매출 2000억 돌파",부산은행 지역화폐 동백전 카드 발행 첫날 1만3천여명 몰려,"양구군, 일손 부족 농가에 '범군민 인력지원' 추진","브루킹스 타이거지수 ""세계 경제, 금융위기 이후 최악""","1100원대 등장한 휘발유값…""하락세 최소 2~3주 더 갈 듯""","서울신용보증재단 심사인력 확충…""10영업일 이내 보증 처리""","3000억 클럽 입성한 bhc, 업계 1위 넘본다",LG 브라질 TV 공장 셧다운…미국 세탁기 공장도 재가동 연기(종합),장흥 노력항에 고등어 어선 들어온다…어업선단 유치,맥도날드 확 달라진 이유…아시아 첫 '베스트버거' 풍미,"""어린이 통학차량 무상 항균 서비스""…현대차 코로나19 지원",한진 자산매각 본격화…주관사 '삼정KPMG-삼성증권' 선정,"철도공단, 취약계층 지원 '사랑의 식품 꾸러미' 전달",코로나 장기화에 바닷길 물동량 급감…해운업계 '삼중고',대한항공 송현동 부지 매각 속도 붙는다,"현대모비스, 인도에 미래차 R&amp;D센터 확대","LG전자, 업무용 프로젝터 'LG프로빔' 출시",한국노사협력 대상에 파리크라상…창립 이후 무분규,금호타이어 12∼15·23∼25일 공장가동 중단,"두산인프라 굴절식 덤프트럭, 사우디·폴란드서 잇단 수주","한진, 송현동 부지 매각주관사에 '삼정KPMG·삼성증권' 선정","""다날, 3년 내 매출 2배로 성장""","""파업 참여자에 성과급 나눠주자""…30만원씩 떼어간 르노삼성 노조",'곧 다시 손님 올 테니 더 깨끗이'…인천공항 봄맞이 대청소,마스크 생산현장 기술 지원으로 하루 130만장 증산,타다 빈자리 치고 들어오는 닮은꼴 '차차',주택·아파트·마을의 숨은 정원 찾는다…'아름다운 정원' 공모,"'5분만에 뚝딱' 카카오뱅크 신용대출, 지난달 1兆 폭증[이슈+]",[그래픽] 코로나 19 이후 일상 정상화 시점 예상,'코로나 고용쇼크' 현실화…3월 실업급여 9000억 '역대 최고',"국민은행, 스마트 공장·규제자유특구 금리우대 대출 출시",2만대 팔린 XM3…한달만에 年목표 절반 달성,권영수 LG그룹 부회장 화훼농가 돕기 릴레이 캠페인 참여,'스벅' 코코넛 화이트… 콜드브루 인기 이을까,"에이아이티, 청라국제도시 인천하이테크파크 입주","기업은행, 27일부터 신입행원 250명 채용 접수…30명 증원","DGB대구은행, 소상공인 맞춤 카드 DGB biz 소호 출시","KB국민은행, 'KB 스마트팩토리·규제자유특구 우대대출' 출시"
2020.04.14,"정부 ""IMF 성장률전망, IB보다도 낮아…대공황來 최악 경기침체""","IMF ""한국, 22년 만에 마이너스 성장할 것""","IMF, 코로나19 충격 세계경기침체에 한국경제 타격","IMF, 올해 한국 성장률 전망 -1.2%로 낮춰…내년 3.4%","IMF ""올 한국 경제 성장률 -1.2%""",'괴리율 30% 이상' 원유 ETN 3개 종목 16일 거래정지(종합),5G 통신으로 총선 생중계,코로나19에 안전자산 선호…금값 사흘째 최고치 경신,"르노삼성, 2019년 임금 협상 타결","'코로나19 특수' 크린장갑, 누적 판매량 2억9천만세트 기록",유럽 최대 히스로 공항 3월 이용객 절반…4월은 90% 감소 전망,온라인 '슈퍼레이스 심레이싱'에 김종겸·김중군 등 출격,한국GM·르노삼성 임단협 해넘겨 타결,"한국지엠, 2019년 임금교섭 타결",시장 쪼그라들고 中은 추격…반도체 앞에 암울한 '두 개의 벽',현대오일뱅크 친환경 윤활유 출시,"효성, 버려진 삼다수 페트병으로 가방 제작","""외국인 등기 이사 서류가 안와요""…코로나로 기업 '무더기 과태료' 위기","차 코팅제 '엠코트' 생산하는 엠팸 ""태양광 패널용 제품도 선보일 것""",코로나에 선거 특수까지…'크린장갑' 뜬다,비대면 주문…'스마트 시범상가' 20곳 조성,"세 번째 입찰 끝에…채안펀드, 200억 여전채 첫 매입",금융지주 회장님은 '자사주 쇼핑 중',홈플러스 '슈퍼 초빅딜 세일',"""집단감염 우려""…채용일정 못 잡는 은행들",아마존을 보면 쿠팡의 미래 보인다,"한전 강원본부, 총선 투·개표소 914곳 전력공급 점검","한국은행 ""금융회사 담보여력 30兆 늘어""","티웨이항공, 유급휴직·단축근무 확대…대표는 임금 절반 반납","GV ""에스씨에이젝스 주식 39억원어치 취득…지분율 100%""","NH농협손보, 중·고생에게 태블릿PC","GV ""제이피엘엔지니어링 주식 36억원어치 취득…지분율 100%""",반도체에 170조 쏟아부은 중국…한국과의 격차 1년으로 좁혔다,라임 자펀드 일부 전액 손실 예상…투자자 피해 우려,RP 매매 대상증권 확대로 금융사 담보여력 최소 30조 확대(종합),"KB금융, 1000억 낮은 가격 쓰고 푸르덴셜 인수한 비결","정부, 고용유지지원금 인상할 듯","[단독] 文 ""일자리 지켜라"" 다음날…정부 '해고 안하면 빚 탕감' 추진",코로나에…국가신용등급 평가 연기,韓·美 통화스와프 자금 20억弗 추가 공급,"이원컴포텍 ""이노베이션 주식 25억원어치 취득…지분율 29.4%""",RP 매매 대상증권 확대로 금융사 담보여력 최소 30조 확대,"한국경영기술지도사회, 중소기업 혁신성장의 동반자로서 새 출발","현대오일뱅크, 친환경 엔진 윤활유 출시",국고채 금리 대체로 상승…3년물 연 0.996%,"무신사, 뷰티 시장에 도전장","""앱으로 원격제어""…'MY 르노삼성' 커넥티드 기능 추가",작년 한류 수출액 14조9천억 22.4%↑…관광·소비재 호조,"도로공사, 스마트 건설기술 개발사업 주관기관에 선정돼",애큐온저축銀 최대 年5% 적금,"정부 ""사회적 거리두기로 서비스업 직접적 영향…동향 모니터링""","`코로나19 충격' 르노, 中 둥펑에 합작사 지분 매각","""곧 망할 것"" 예상 뒤엎은 쿠팡…'한국판 아마존' 희망 보였다",쿠팡 지난해 7조1천억원 매출…적자 7천205억원 36% 감소(종합),"청와대로 향하는 '위기의 항공산업, 정부지원을 촉구 하는 항공업계 노조...'","""연령별로 좋아하는 컵라면 달라요""…10대는 볶음종류, 40대 이상은 국물있는 컵라면 좋아해",DGB금융 피움랩 2기 스타트업 7개사 선정,중국 3월 수출 감소폭 예상보단 작아…코로나19 충격 다소 완화(종합),"아워홈 ""입주민센터에서 아침 드세요""",경북 '지식재산 스타기업' 선정…캐프 등 31곳,"""더 늦기 전에 항공산업에 금융지원해야""","허리띠 졸라매는 한화생명·손보, 임원 급여 자진 반납","삼성重, LNG 원유운반선 2척 수주",'월급쟁이의 별' 삼성전자 임원 평균연봉은 30억원,주말 경주 보문단지서도 '드라이브 스루' 수산물 판매,"정부 ""선결제 등 공공부문 소비·투자 상반기 내 3.3조 집행""","효성, 제주에서 버려지는 삼다수 병으로 가방 만든다","태안 석탄가스화복합발전소, 무고장 연속운전 3천시간 달성","두산퓨얼셀-KT, 무인운전 플랫폼 개발 협약","쿠팡의 진격…매출 64% 증가, 적자 1조원 밑으로","더클래스 효성, 임성현 대표 선임",콘텐츠로 관광 명소 알린다…'울산여행 온라인 홍보단' 발대,싸고 싱싱한 농산물 한곳에…태안 안면도에 로컬푸드 매장 개장,"현대·기아차, 터키·미국 공장 셧다운 연장",인천 영종도 일대에 저어새 추가 서식지 완공,4·15총선 앞두고 14∼15일 마스크 1960만5000장 공급,"와이즈오토, '카니발 하이리무진 와이즈오토 에디션' 출시",중국 경제 바닥 찍었나…수출·휴대폰 판매량 감소율 큰 폭 둔화,"현대오일뱅크, 친환경규격 충족 가솔린 엔진 윤활유 출시","[하이빔]대한민국, 올드카 문화를 즐길 때가 됐다",택배로 받아 직접 설치하는 '창문형 에어컨' 작년보다 2배 더 팔렸다,화성시 '레벨4' 수준 자율주행 실증 대상지로 선정,쿠팡 지난해 7조1천530억원 매출…영업손실은 7천205억원,"""우리나라 대표 명문장수기업 찾습니다""","한미 통화스와프 3차 공급에 20억2500만달러 응찰…""외화자금사정 양호""","절박한 항공업계 노조 ""더 늦기 전에 대대적 금융 지원해야""","시트로엥, 재택기간 동안 즐길 콘텐츠 제작",한미 통화스와프 3차 공급에 입찰한도 절반인 20억달러 응찰,포항 전통시장 5일장 20일부터 자율 개장,"JDC, 제주지역농어촌진흥기금 50억 상반기 조기 출연","더클래스효성, 임성현 신임 대표이사 선임","강원도, 어린 명태 10만 마리 고성 앞바다에 추가 방류","KB국민은행, 초·중·고 온라인 개학 맞아 '리브엠' 통신비 지원","BMW코리아, 자유로에 M 특화 서비스센터 개장","""건물 주변 공용 공간서 장사 못한다…물건적치도 안돼""",KFC-던킨 협업 '도넛버거' 한정 출시,"맥라렌, 샬롯 딕슨 신임 아시아태평양 총괄 선임","보해양조 임지선 대표, 화훼농가 돕기 릴레이 캠페인 동참",소상공인시장진흥공단 '코로나 대출' 농협 계좌까지 확대,"정선군, 농·특산물 판매 온 힘…가공센터 매출 55억 돌파"
2020.04.15,"""한계 닥친 기업 지원 시급…주 52시간제 유예를""","운행 멈춘 타다, 남은 과제는?","현대차, 신형 벨로스터 N에 습식 8단 DCT 장착","현대차, 1분기 베트남서 日도요타 제치고 판매 첫 1위","현대차, 1분기 베트남서 日도요타 제치고 판매 첫 1위","비씨카드, 케이뱅크 최대주주 된다","""수출·내수 판매 다 안된다""…제조업 경기 '최악'",[취재수첩] '거북이 실업통계' 고집하는 정부,"[선택 4·15] 무역협회 ""코로나로 움츠러든 경제 정상화에 앞장서길""","[선택 4·15] 전경련 ""경제위기 극복 위해 초당적 노력 기울여달라""","중소기업계 ""21대 국회, 대중소기업간 공정한 생태계 만들어야""","경제계 ""미증유의 경제 위기…21대 국회, 政爭 벌일 시간 없다""","BC카드, 케이뱅크 최대주주된다…KT대신 지분 34% 취득키로(종합)","공정위, 가스공사 배전반 담합 행위 적발",1분기 中企 '수출 효자'는…마스크 92%·진단키트 36%↑,"고속道 휴게소의 '만물상' 하이숍 ""코로나 직격탄…매출 3분의 1 토막""","""원격근무로 서울 갈 일 줄었어요""","고용지원금 늘리고, 항공업 추가 지원…'코로나대책' 속도 낸다",씨티銀-한국YWCA와 협약…'청소년 금융교실' 후원,코로나로 노사 타협 급한데…경사노위 안보인다,앗! 뜨거…하나銀 '컵라면 대출' 인기,사전예약만 20만 건…'토스 신용카드' 돌풍,"무협 ""中 언택트 시장 두 배로…韓, 온라인 교육 등 공략해야""","이스타항공, LCC 첫 고강도 구조조정 배경은",임단협 끝냈지만…한국GM·르노 '수출 절벽',글로벌 철강사 '용광로 셧다운'…포스코도 12년 만에 감산할까,"롯데百, 라인프렌즈xBTS 캐릭터 판매",자가격리 가족에 반값 숙소…'특급호텔'도 나섰다,집콕족 늘자…백화점 인테리어 상품 판매 증가,"'1000원 숍' 다이소, 연매출 2조 시대 열었다",코로나 극복 '착한 임대인 운동' 확산…전국 3만개 점포 참여,"카페인 빼고, 봄볕 한스푼…잠 못드는 당신께 드립니다",프리미엄 인스턴트로 진화하는 '스페셜티 커피',"동원F&amp;B, 우유의 부드러움 더한 덴마크 커핑로드","오리온, 커피와 '달콤한 궁합' 디저트 초코파이","빙그레, '고급 페트커피 왕좌' 아카페라 스페셜티","동서식품, 한 번에 마시기 딱 좋다…'한 컵' 카누 시그니처 미니","롯데칠성음료, 더블드립·콜드브루·대용량…취향따라 즐기는 칸타타","코카콜라, 핫브루×콜드브루 이색조합…색다른 맛 조지아 크래프트","한국야쿠르트, 딩동~ ""신선커피 Hy콜드브루 배달 왔어요""","매일유업, 10억개 팔린 바리스타룰스, 이번엔 디카페인!","남양유업, '1등급 무지방' 풍성한 거품 루카스나인 라떼",갓 수확한 원두 360도 로스팅…프레시 엔제리너스,"'아동복의 무신사' 꿈꾸는 이랜드…""올 매출 1조원""",137년 역사의 伊정통 에스프레소 맥 잇는 파스쿠찌,"할리스커피, 할리스서 든든한 한 끼…커피와 '오곡 에그마요'","스타벅스커피코리아, 사이렌 오더·드라이브스루↑…스타벅스 회원 600만명 돌파",'디저트 맛집' 투썸플레이스…커피·델리 등 190종 신메뉴,"이디야커피, '커피공장 꿈' 이룬 이디야…스틱·믹스커피 시장 도전",집안을 조금 바꿔도 삶이 새로워져요,"LG하우시스, 고단열 창호로 더 쾌적하게…개성 있는 벽지로 '나만의 공간' 연출",고탄성 쿠션층 입힌 LG하우시스 바닥재…아이들과 '집콕'에 딱!,"한솔홈데코 'SB마루' 습기·열에 탁월…""냉난방비 걱정 마세요""","한솔홈데코, 고급스럽게, 화사하게 '나혼자 산다'…1인가구 겨냥 맞춤형 인테리어 제안",건자재 60년 강자 KCC…色다른 단열 창호·친환경 페인트 눈길,"KCC, 사랑의 열매 성금 릴레이…시각장애·다문화 가정 아동 위해 오디오북 제작","주방의 '인테리어 꽃' 프리미엄 대리석…현대L&amp;C, 고급자재 선도","현대L&amp;C, 하이브리드 3연동 방식 '뷰 시리즈'…획기적인 중문 개발",두배 커진 바닥재·벽장재…동화자연마루 '그란데'로 널찍한 공간연출,"동화자연마루, 재단·가공 쉽고 내구성·내수성도 우수…신개념 외벽 마감재 '익스커버'","현대차, 한국서 개발한 코로나19 진단키트 美에 기증",1분기 모든 업종 매출 '대폭 악화'…2분기도 부정전망 우세,'그린스완' 대책 마련 나선 한국은행,세계 제철소 쇳물이 식어간다…세계 5위 포스코도 감산 나설까,"코로나지원금, ""70%도 많다""던 정부…'100% 지급' 만지작","현대기아차·벤츠·렉서스 4만4,967대 리콜",총선 후 경제 정책 'again 2017'로 가나,"포뮬러E, 유니세프와 세계 어린이 돕는다","익산시, 올해 CJ·하림 등에 가공용 원료 쌀 2만t 공급",인천 신항 배후단지에 화물차 임시주차장 조성 추진,헝가리 유학생 마스크난…해결사 된 SK이노,"BC카드, 케이뱅크 최대주주된다… KT대신지분 34% 취득키로","""고정비라도 줄이자""…항공사들이 인건비를 줄이는 3가지 방법","농식품 연구개발, 기업부담 줄이고 올해 예산 조기집행",올해 농식품벤처·농업생명자원 분야 규제혁신 추진,"""코로나로 중국 원격근무 시장 두배 확대…한국기업에 기회""",벤츠 8천대 에어백 결함…렉서스 3천700대는 연료펌프 오류 리콜,"패류독소 현상, 유전자 분석기법으로 조기 예보한다","해양수산 신기술 인증제품, 우수조달물품 지정 추진",2021 영주세계풍기인삼엑스포 엠블럼·마스코트 확정,현대차 '日 텃밭' 베트남서 도요타 첫 추월,"야놀자, 중소형 호텔 제휴점 최소광고비 50% 인하","""코로나19 대응에 쓰세요""…단양 6개 농업인단체 보조금 반납","GM, 미국서 인공호흡기 양산 시작…""이달중 공급 개시""",코로나가 바꾼 식품시장…수입산 외면·친환경 식료품 선호,"중견련 ""코로나위기 맞선 경제체질 강화가 21대국회 최우선과제""","르노삼성차 노사, 지난해 임금협상 최종 타결",코로나19에 중장년층도 비대면 소비…식품 모바일 구매 늘어,화천·연천 멧돼지 폐사체 5개체서 ASF 바이러스…총 535건,이틀간 회사채 수요예측 7천700억원…'미달' 여부 촉각,10년전 산은이 인수한 KDB생명보험 매각 청신호,코로나19 거리두기에도 골프웨어 매출은 회복세,"""한국 1분기 휘발윳값 61개국 중 25번째로 비싸""",코로나 등 변수 대응 지원한다…금감원 비조치의견서심의회 도입,"추억의 장난감·옛날 통닭…이마트, '뉴트로 기획전'",백화점 매출은 줄었지만 집 꾸미기 상품 판매는 늘어,"홈플러스, 7개 멤버십 클럽 회원 30만명 돌파",당좌거래정지 (14일),"프랑스법원, 아마존에 '당분간 생필품만 배송' 명령",
2020.04.16,"경기도 극저신용자 대출, 사흘만에 2만5천명 신청…500억원 지원","유니트론텍 ""지피아이 주식 58억원어치 취득…지분율 38.7%""","KAI-전자부품연구원, 자율비행 등 기술협력","크록스, 전국 의료진에 신발 기부","BMW·폭스바겐, 내리막길 끝내고 '판매 가속도'","국내 시장 '장악' 베트남 합판…정부, 반덤핑 관세 부과할 듯","집콕 시대…유진그룹, 인테리어시장 공략","포스코 ""조직 내 장벽 허물자""…'협업 포인트' 인사평가 반영","""강한 도전정신 닮았다""…BTS 모델로 발탁한 바디프랜드","LIG 최용준 대표 ""장애인과 더불어 사는 세상…기업이 도와야죠""","""석유화학업계 재무안정성 개선…신용등급 방향 안정적""","신세계푸드, 초록우산에 '희망 키트' 배달",한울원자력본부 발전소 주변 농업인에 4억원어치 비료 지원,불법私금융 '먹잇감' 된 저신용자들,스트레스 완화 '바이올라 킨레스트' 몽드셀렉션 금상 수상,슈퍼 여당 '1호 공약'에 긴장하는 롯데·신세계,"한은, 사상 최초 증권사 대상 비상대출…자금난 잠재울까",페트 재활용 5초만에…빙그레 '뚱바'로 만든 '분바스틱',"""급전 필요""…예·적금 이어 '최후 보루' 보험도 깬다",신세계 vs 롯데마트 '봄철 과일 대전',"엄습하는 D의 공포…""코로나發 기업 줄파산 이제 시작일 뿐""","[단독] 면세점에 쌓인 명품 재고, 백화점·아울렛서 싸게 판다",우리금융 '착한 소비 운동',"한은 ""자금 시장 살려라""…사상 처음으로 증권·보험에도 대출",애호박 가격 연일 하락…보름새 도매가 30%↓,은행앞 줄서는 자영업자…다시 부각된 '지점의 힘',"""슈퍼 여당, 경제부터 살려라""",'싱가포르 빅3 온라인몰' 뚫은 깨끗한나라,"'슈퍼 여당' 민주당에 바란다…""코로나 극복 위해 모든 수단 강구""","금융회사, 당국 눈치 안 보게 비조치의견서 익명 신청 가능","애경산업, 케라시스 새 모델로 수지 발탁",법정최고금리 '年 20%로 인하' 가능성,"17일부터 주담대 금리 내린다…코픽스 年 1.26%, 사상 최저","""월 990원에 변호사 선임까지""…민식이법에 뜨거워진 운전자보험 경쟁","[단독] 현대차 노조 ""인기차종은 우리 공장에서만? 이젠 바꿔야""","동국제강, 협력사와 공정거래협약…결제조건 개선",풍산화동양행 '4·19 혁명 60주년 기념메달' 발행,"[게시판] 아모레퍼시픽재단, 올해 학술연구 지원사업 공모",김주영·임이자 등 9명 입성…21대 국회 '한국노총 전성시대',금통위 진용 개편…한은 코로나19 대응 변모하나(종합),"걸프 산유국, 코로나19·저유가에 국채 발행 행렬","""당신이 뭘 먹는지 배민만 안다""…100조원 외식업계가 떠는 이유","현대백화점그룹, '도시청년 지역상생 고용사업' 지원금 2억원 전달",국고채 금리 일제히 하락…3년물 연 0.982%,"BNK경남은행뱅킹앱, '모바일 어워드 코리아 2020' 금융 대상","BMW그룹, e스포츠팀 T1과 후원 파트너십 체결",귀한 몸 '전복의 눈물'…1년새 반값으로 폭락,"금값, 나흘째 고공행진…코로나19에 안전자산 찾아","경남도, 한국남동발전·BNK경남은행과 온라인 개학 공동 지원","금값, 연일 사상최고 행진…코로나19로 안전자산 선호","코로나19 금융지원, 금융사 임직원 제재 면책 대상으로 지정","IMF ""아시아, 올 0% 성장…韓은 선진국보다 상황 낫다""","한은, 사상 첫 증권·보험에 비상대출…회사채담보 10조원 한도(종합)",고려대·인하대 등 6개 대학서 도시재생 전문인력 양성,"금융회사, 당국 법령해석·비조치의견서 익명으로 신청한다",편의점에서 공기청정기 렌털한다,[특징주] 총선 종료…정치 테마주 대체로 약세(종합),"태광그룹, 코로나19 영향 임대료 깎아주고 직원들은 헌혈 봉사","주문 밀린 팰리세이드, 아예 2020년형으로 갈아탄다","[종합]한은, 은행·증권·보험사에 회사채 담보 특별대출 실시…10兆 한도","""코로나로 글로벌 패션기업 80% 문 닫을 것""",농심 '또 하나의 자신감' 백산수…전문가들이 분석한 '물맛의 비결',시중은행 '주담대' 금리 더 내려간다…코픽스 일제히 하락,내일부터 주택담보대출 금리 내려…코픽스 7년8개월만에 최대↓,광주 남구 양림동 근대역사문화 마을 길 새 단장,면역력 약한 백혈병 환아들이 안심하고 마실 물…완치될 때까지 백산수 지원,이스타항공 '셧다운' 연장…국내선 재개도 '불투명',"""2022년까지 스마트産團 10개 지정…新산업 창출공간으로 만들 것""","SK루브리컨츠, 엔진보호 성능 개선한 엔진오일 출시","[2보] 한은, 은행·증권·보험에 회사채 담보 특별대출…10조원 한도","적자 줄인 쿠팡, 로켓프레시 강화로 올해 입지 더 넓힌다","고영테크놀러지, 1분기 매출 507억…사상 최대","[속보] 한은, 금융사에 우량회사채 담보 10조원 한도 특별대출","""코로나 쇼크에 12∼18개월 내 디폴트 선언 국가 늘 듯""","창원스마트산단, 제조혁신 기반 될 5G·IoT 등 시험공간 구축","한은, 사상 첫 증권·보험에 비상대출…회사채담보 10조원 한도","반월·시화스마트산단, 4차 산업혁명 전문인력 427명 키워내","무역위원회, 베트남산 목재 합판에 9.18~10.65% 반덤핑관세 부과 건의 결정",마스크의 일상화…뱉지 않고 녹여먹는 껌 나왔다,"""밥값 1억원치 선결제""…우리금융, 착한소비운동 동참","""위기와 변화에 대응할 수 있는 기업 경영 '새 원형'을 정립하라""","포스코, '협업포인트' 인사평가에 반영","삼성ENG, 60억 말레이시아 가스플랜트 설계 수주","AI가 알아서 건조 '척척'…삼성 그랑데 AI , 국내 유일의 에너지 효율 1등급",美국방부·의회 매점서도 파는 辛라면…세계를 홀린 '매운맛',"숫자로 본 그랑데 AI 건조기 장점…셔츠 한 벌 36분 만에 건조, 유해세균 99.9% 제거",'짜파구리'로 해외 매출 10%이상 증가…미국에 제2공장 설립 추진,"삼성 그랑데 건조기 AI, 출시 한 달 만에 1만 대 판매…전작보다 두 배 빨라","쌍용차, ""국민 여러분 힘내세요""…'리스펙트' 캠페인",거래처에 이메일 전송…LG전자는 로봇이 다 하네,"삼성전자, 코로나19 때문에 기술 세미나도 온라인으로",코로나19 방역활동 나선 LG이노텍 착한 노조,"풍산, 중동에 탄약 957억 수출","제닉 ""자회사 제닉 상하이 화장품에 97억원 출자""","롯데하이마트, 초록우산어린이재단에 노트북 100대 기증",전북 순창지역 첫 모내기…8월 중순 수확 예정,"미래에셋, 나스닥상장 바이오회사 지분매각 270억 차익",정선군 영농봉사은행 운영…자원봉사로 농촌 일손 부족 해결,이스타항공 '셧다운' 연장할듯…6월까지 국제선 비운항,"룽투코리아 ""위메이드트리 주식 40억원어치 취득…지분율 10%"""
2020.04.17,"폴크스바겐, 코로나19 사태 속 1분기 판매량 23% 감소","한중 통상장관 통화…성윤모 ""기업인 이동 모범사례 만들자""(종합)","한국타이어, 자동차 관제 서비스 기업과 MOU 맺어","특검 ""이재용 파기환송심 재판부 바꿔달라"" 신청했지만 기각(종합)","'인도 셧다운' 후폭풍…기아차, 내수용 셀토스 생산 차질",'LG 폴더2'에 AI 비서 탑재…실버폰 시장 노리는 SKT·KT,3월 취업 19.5만명 감소 '최악',"""정보는 '빽'이자 '덫'이다""…개미들 향한 냉혹한 '돈'의 경고","위기 느낀 현대차 노조 ""임금 동결할테니 고용 보장해달라""","현대오일뱅크, 6조원 정유 촉매시장 뚫는다",12만원이면 집안 '싹' 방역…홈케어에 꽂힌 집콕族,편의점·식당 알바부터 잘렸다…임시·일용직 60만명 일자리 잃어,"""3월 노동시장, 200만명이 일자리 타격 받았다""","'고용 참사'에도 개선되는 실업률, 왜?","선거 다음날 ""소상공인 대출 중단""…반발 커지자 ""단순 실수""","""관광·해운에 특별융자 확대""…내주 만기 5400억 회사채는 채안펀드로 소화","성윤모 장관 ""양국 기업인 원활한 이동 허용""…중국 정부에 요청",코로나 금융지원 두달 만에 40조원 돌파,"함안 수박, 홍콩시장서 맛 자랑…1천600개 첫 수출","'反조원태 연합' KCGI, 한진 지분 추가 매각…지분율 3.20%",한국환경공단-다이텍연구원 물 기업 지원 협약,'현대차 노조가 임금동결 언급'…코로나19 고려 분위기,국고채 금리 일제히 상승…3년물 연 1.006%,외계행성 탐사 위성 '키옵스' 코로나19 딛고 이달 말 본격 가동,"신세계인터내셔날, 음원 플랫폼 멜론과 쇼핑 이벤트","모건스탠리 ""중국 경제 1분기가 바닥…2분기 반등할 것""","대구의 눈물…'코로나 쇼크'에 고용률 -4%p, 하락폭 전국 최대",강원 1분기 중국 수출 31.2% 감소,코로나19로 지친 행원들 챙기는 OK Jean 진옥동 신한은행장,매출 1조 넘은 이베이코리아,"제주시, 구좌읍 평대리에 수산물 직판매장 신축","우리銀, 알바천국과 소상공인 지원 MOU",홍콩 캐세이퍼시픽 미국서 승무원 286명 감원,"증평농협, 조합원 자녀 60명에게 장학금 3천만원 지급","전북은행, 업무 폭증 전북신보에 인력 4명 파견","수과원, 참조기·벵에돔 수정란 무상 분양",인텔에 '반도체 1위' 내준 삼성전자,"국내 1위 선글라스 수입업체, '코로나 충격'에 법정관리 신청","中 1분기 GDP -6.8%로 추락…""강력한 부양책, 하반기 경기 좌우""","유명희 본부장, FTA 활용 기업 방문…""코로나에도 수출 늘어""",코로나19 새 트렌드…편하고 화려한 캐주얼웨어 뜬다,"""그동안 비행기 못 타셨죠?""…항공사들, 우수회원 자격 연장",[속보] MB 사위 조현범 한국타이어 대표 '뒷돈 수수' 징역형 집유,곰취·어수리·두릅…영월 봄나물 본격 판매,"삼양그룹, 14년만에 외식사업 철수…세븐스프링스 이달말 폐점","'유동성 빨간불' 대한항공, 이달 중 곳간 현금 바닥난다","여수광양항만공사, 친환경 스마트 접현등 개발 추진","KT CS, 중소벤처기업부 주관 '사내벤처 육성 운영기업' 선정",금주의 신설법인 826개,항공사 수천억 적자 '코로나 쇼크' 전망…2분기 더 어둡다,"이베이코리아, 지난해 영업이익 615억원…""15년 연속 흑자""","국민연금, 코로나19사태에 위기대응 TF 가동",코로나19 충격에 중국 1분기 성장률 -6.8%…'사상 최저'(종합2보),한국 수출대금 중 달러화 비중 83.5%…전년동월대비 1.0%P 하락,코로나19에 서비스업·임시일용직 고용 직격탄…환란후 최대↓,제주산 감귤 'aT 사이버거래소'로 온라인 직거래,"""코로나 사태로 3월 한 달간 200만명 일자리 타격 받았다""","전남농협, 광주신세계 백화점서 '농어가돕기 직거래 장터' 운영","도로교통공단, 강원지역 일자리 창출 등에 3억 지원",코로나19 충격에 중국 1분기 성장률 -6.8%…'사상 최저'(종합),"원자력안전위, '정기검사' 신고리 3호기 재가동 승인","노인 일자리로 가려졌던 '고용 참사', 코로나19로 드러났다","김용범 기재차관 ""일자리 유지·창출에 가용정책 총동원""",완주농공단지 23만여㎡ 분양…㎡당 24만원,"정부 ""관광·항공 등 특별융자 소진시 추가 지원방안 강구""(종합)",코로나 충격에 3월 카드승인액 마이너스…유커도 최대폭 감소,"테슬라, 켈리블루북 '2020 럭셔리 브랜드 어워드' 수상","코로나19 장기화 안방 겨냥 울산시, IP-TV로 '관광 홍보'",코로나19 충격에 中 1분기 성장률 -6.8%…사상 최저,"성윤모, 中상무부와 유선회의…""기업인 이동 모범사례 만들자""","""비대면 산업으로 통상환경 급변"" 산업부, 전문가 화상 워크숍","기재차관 ""관광·항공 등 특별융자 소진시 추가 지원방안 강구""","코로나19에 항공사들, 우수회원 자격기간 6개월 연장",럭셔리 K뷰티 휘청…LG '후' 14년만에 성장 멈추나,미 고급 백화점 니만마커스도 채무불이행…파산 위기,"신세계인터내셔날,1030 겨냥해 멜론과 손잡았다","파주시, 민통선에 21.7㏊ 농업시험연구단지 조성",코로나發 고용충격…취업자 19만5천명↓·일시휴직 126만명 폭증(종합2보),"금융규제 완화·공공기관 평가 개선…""자금공급 위축 막는다""","우리은행, 알바천국과 소상공인 지원…금융제휴 MOU","정부 ""코로나 여파 실물경제 어려움 시작""…카드 승인액 마이너스 전환","""코로나19 확산 막아라""…현대차 해외 입국자 생활시설 제공","돌아온 BMW, 5년 만에 수입차 1위 탈환할 수 있을까","S&amp;P ""올해 세계 경제 -2.4% 역성장 전망""",다음달 모든 항공권 유류할증료 '0원'…유가하락 영향,"새마을금고, 카드사 제휴 우대금리 최고 연 4.5% 적금 출시","정부 ""블록체인 확산전략 수립…내년 예산안에 반영""","정부 ""코로나19로 내수·고용·수출 등 실물경제 어려움 확대""",[게시판] 제18기 '행복한 중기씨 중소기업 서포터즈' 발대식,"""코로나19로 인한 부산경제 침체 외환위기와 유사한 수준""","한국 자금세탁방지 3등급 중 2등급…""변호사 관리에 허점""",저유가에 다음달 모든 항공권 유류할증료 '0원',"SK건설, 협력사와 공정거래 협약식…""코로나19로 협력 절실""","페이스북, 리브라 계획수정…전세계 단일가상화폐서 한발 물러서","IMF ""중남미 경제 역대 최악…2025년까지 '제로성장'""","S&amp;P, 올해 세계 경제 2.4% 역성장 전망","재규어랜드로버코리아, '클린 케어 서비스' 제공","삼성카드, 자동차 리스·렌트 온라인몰 열어",경기도 '프랜차이즈 협동조합' 신규 참여업종 모집,"람보르기니, 코로나 19 극복 위한 지원 이어간다"
2020.04.18,강원 청정 산나물 주말 '드라이브 스루 특판'에 완판,"기재차관 ""코로나19 실업, 실업급여로 커버 안돼 난감""","기재차관 ""코로나 실업, 실업급여로 커버안돼…응급조치 필요""",1분기 '마이너스 성장' 유력…2008년 금융위기급 쇼크 재연되나,"미국 ITC, '영업비밀 침해' SK이노베이션 조기패소 결정 재검토(종합)",코로나19로 판로 막힌 농가…'농산물 꾸러미'로 틈새시장 공략,"한국, 코로나 위기 최빈국 채무상환 연말까지 미뤄준다","미국 ITC, '영업비밀 침해' SK이노베이션 조기패소 결정 재검토",[김재후의 정유업계 인사이드] '뚝뚝' 떨어지는 국제 유가…'기름값 vs 물값' 뭐가 더 쌀까,[증시풍향계] 내주 코로나 충격 보여줄 경제지표 '주의보',[표] 주요 경제지표 및 행사 일정(4월 20일∼24일),다음주 1분기 성장률 나온다…코로나19로 역성장 예상,"티웨이항공, 20일 청주국제공항에 지점 설치",주유소 휘발유가격 12주째 하락…두바이유 20달러선도 위협,,,,,,,,,,,,,,,,,,,,,,,,,,,,,,,,,,,,,,,,,,,,,,,,,,,,,,,,,,,,,,,,,,,,,,,,,,,,,,,,,,,,,,
2020.04.19,"""민자고속도로 통행료 안 내면 강제징수 합니다""",주유소 휘발유가격 12주째 하락…두바이유 20달러선도 위협,"폴크스바겐, 코로나19 사태 속 1분기 판매량 23% 감소","김용범 기재부 차관 ""고용안전망에 사각지대…응급조치 필요""",라임 펀드판매사 '배드뱅크' 설립해 부실펀드 처리 추진,20조 이상 항공 등 기간산업 대책 나온다…고용유지 조건(종합),"SK에너지 ""석유산업 위기 '디·디·디'로 극복""","르노삼성, 결국 '삼성' 떼나","21일, 두산중공업 '운명의 날'","美 ITC ""SK이노 조기패소 판결 재검토""",대한항공 날개 묶인 틈타…3자연합 '한진칼 지분' 조원태 추월,'구조조정 숙제' 잔뜩 떠안은 産銀…재무건전성 우려에 '증자론' 솔솔,"[단독] ""온라인 예배시대 헌금은 앱으로""…국민은행, 교회전용 결제앱 출시",KB금융그룹 '착한 소비운동'…회사 주변 식당에 3억원 선결제,불법사금융 피해 무료 변론…온라인으로 신청하세요,봄 단장 소품 골라보세요,"""지능형 로봇 분야 등 인력 4755명 부족""",지금이 복합몰 규제 강화할 땐가,"""코로나 위기 최빈국에 채무 유예""…홍남기, 세계은행 화상회의 참석","대한통운 ""상품 보관부터 배송까지 다 해드려요""","문성혁 해수부 장관 ""중소 해운사 돕겠다…HMM 정상화 총력""",中企 R&amp;D 인력 절반 대체복무요원,드라마 PPL에 꽂힌 제이에스티나,1인 가구 겨냥 소형가전 인기에 웃는 쿠쿠,현대리바트 중문 신제품 출시,한경 네이버팜 '파머스 마켓','1000만원 대출' 소상공인 기금 더 늘릴 듯,금융사 규제 풀어 자금 공급 여력 최대 400兆 늘린다,"문 대통령 ""경제, 외환위기 후 최악 상황""…항공·정유·車 등에 20조 투입",삼성·LG 家電 4월 매출 반토막…자동차 수출 43%↓,"""과학을 무시하면 대가 치른다""…대중은 이들 '입'을 더 신뢰했다","삼성전자 4월 가전,TV 매출 50% 급감…비상경영체제 가동",'언택트 선제투자' 맥도날드·스타벅스·파리바게뜨…위기때 즐거운 비명,"코로나 사태, 서울 아파트 침체시킬까…저금리 상황, 급락은 없을 것","농협은행, 걸그룹 '공원소녀'와 대한민국 응원영상 제작",月 최대 2만원 할인…'다이소 삼성카드' 출시,고객 만족 위해 두 손 잡은 '母女 금융파트너',배달앱 소비자 정보 독점으로…프랜차이즈 생태계 잠식될 수도,부동산 稅부담 더 늘기 전에 절세 기회 체크해 보자,1가구 1주택 양도세 비과세 혜택 받으려면…,"KB다이렉트 티맵 라이프 운전자보험, 티맵서 가입…月 5천원으로 운전중 사고 보장",두산중공업 '운명의 한주'…만기 외화채권 대출 전환여부 결정,코로나에도 가전유통업계 '선방',사재기 사라진 마스크…가격도 1000원대로 '뚝',대형마트 PB우유에 공들이는 까닭,"포스코휴먼스, 장애인 훈련생 21명 선발…우수자는 정식 채용",SK하이닉스 상생 강화…납품대금 月 4회 지급,"코로나 위기에도 신증설 투자 계속…전자업계 ""상반기만 버티자""(종합)",르노삼성차 브랜드 계약 8월 종료…2년 후 '삼성' 떼어내나,중기부 AI·빅데이터 연구개발 사업 경쟁률 10대 1 넘어,내일부터 불법사금융 피해 무료변호 신청 온라인으로 가능,금감원 6월까지 대학 실용금융 강의 신청…온라인 강좌 신설,코로나 대응하느라 나빠진 국책은행 건전성…평가때 봐준다,"코로나19 대응 금융사에 규제완화…""206조~394조 공급여력 확대""","르노삼성차, 2년 후 '삼성' 떼어내나…브랜드 계약 8월 종료(종합)","신한카드, 보이스피싱 예방 앱 출시","[영상]르노삼성, 신차 도입 기대감 커져/렌털 택시 3사 서로 다른 행보/신형 아반떼 택시 가능성은?[4월 3주 하이빔 뉴스]","쿠쿠 ""소형가전 판매 호조…소형밥솥 매출 5% 증가""",강원도 캐릭터 '범이&amp;곰이' 상품화…도내 기업 사용료 무료,"농식품공무원교육원, 집합교육 대신 실시간 온라인 교육 실시","해수부·해양환경공단, 선박 내 폐수 무상수거 방문서비스",'한국형 스마트시티 수출' 글로벌 협력프로그램 12건 선정,"무역업계, 긴급 건의서…""수출확대 위해 규제 한시적 유예해야""",FTA 원산지증명서 기관발급 신청 한곳에서 원스톱 처리,디지털헬스케어 등 4대 신산업 인력 2028년까지 16만8천명 필요,"대기업 10곳 중 7곳 ""침체 경제 살리려면 고용창출·규제완화 시급""",모바일 강원상품권 내달 1일 발행…10% 특별할인,새만금에 2025년까지 800억원 들여 테마파크·리조트 건립,수박 '파파야윤문반점바이러스병' 발생…방제·예찰 필요,면세점 재고 시중 판매 허용해달라는데…실현 가능할까,"""위기를 기회로""…코로나19 여파 속 충남 쌀 수출 급증","현대엔지니어링, 2천억원 캄보디아 쇼핑몰 공사 수주","""코로나 극복""…경북 중소기업 정책자금 납부 유예","SK에너지 ""석유사업 한계 디지털로 넘는다"" 사업구조 전환","SK하이닉스, 중소협력사 지원 확대…""코로나 함께 극복""","포르쉐, 1분기 5만3,000여대 인도해 전년 比 5.0%↓","아시아나, 5월도 인력 절반만 운영한다…전직원 무급휴직 연장","기아차, 제 2회 청소년 문학상 작품 공모","급감했던 국내펀드 순자산, 4월들어 26조원 늘어","KB금융, 사업장 인근 '코로나 피해' 영세 식당에 3억원 선결제","""네이버 주문 24시간내 배송""…CJ대한통운, 풀필먼트 서비스","""4월 자동차 수출 43% 줄어든다…부품업체 연쇄도산 우려""","북한, 평양종합병원 착공 한달…성과 전방위 독려",[고침] 경제(은행 주택대출금리 2% 초중반대…역대최저),[신차털기] SUV 탈 쓴 314마력 자연흡기 늑대…캐딜락 XT6,전세계 홈스쿨링 지원 삼성전자…스페인서 태블릿 600대 기부,제9회 수산인의 날 기념 제주도 어업인상 5명 수상,"제주도, 내달 소 구제역 백신항체 접종 여부 일제 검사",세계 제조업·서비스업 경기 전망 11년 만의 최악,이사·결혼시즌에 환급까지…코로나 뚫은 '가전 특수',"""상반기만 버티자"" 전자업계, 코로나 위기에도 투자계획 사수",한국 1분기 성장률 -1% 미달 전망…금융위기 후 최저,"수은, 21일 두산중공업 6천억 외화채권 대출전환 여부 결정","내달초 두산중공업 정상화 방안 확정…""추가지원 1조 미만""","""상반기도 못 버틴다""…항공업계 추가 지원책 어떤 내용 담길까","르노삼성차, 2년 후 '삼성' 떼어내나…브랜드 계약 8월 종료",'동학개미' 성공할까…반등장세 투자성적표는 외국인 '판정승',은행 주택대출금리 2% 초중반대…역대최저,"전문가 ""한국은 진정됐지만 해외는 아냐…경기 더 나빠질 수도""",실물 냉골인데 시장선 코로나 탈출 김칫국…정부 대응 시험대
2020.04.20,"현대차 수소연료전지시스템, 미국·유럽에 수출한다","스페인 경제, 최악의 경우 올해 13.6% 축소 전망",'방역지원금 부정수령 의혹' 서울 버스회사 대표 5명 입건(종합),"쌍용차 노사, 올해 임금 동결 합의","LS전선, 1342억 해저케이블 수주","LS전선, 네덜란드서 해저케이블 공급 사업 수주","라임 펀드판매사들, 부실펀드 처리할 '배드뱅크' 논의(종합)","LS전선, 네덜란드서 1천342억원 규모 해저케이블 사업 수주","""소규모 다중이용시설 감염병 취약…환기설비 유지관리 의무화해야""",화훼농가 돕기 릴레이 '플라워 버킷 챌린지'…하현회 부회장이 한준호 회장 지목한 이유는,"셀리턴, 맞춤형 피부관리 '뷰티 카운셀링' 개시","현대차 임원, 임금 20% 무기한 반납…롯데지주·쇼핑도 석달간 20% 덜 받아",'방역지원금 부정수령 의혹' 서울 버스회사 대표 5명 입건,넥센마저…'타이어 빅3' 공장 모두 셧다운,"현대로템 ""수주 덥석 물지 않겠다""",BBQ페이·스마일카드…어? 금융사 이름은 없네,"기업들 ""달러 확보하자""…달러예금 59억弗 증가",G-CEO 회장에 박순구 대표,"장하성 ""中, 코로나 이후 적극적인 내수부양…韓 기업에 기회""","""여성 가장 자녀들도 행복하게 공부할 수 있어야""",美 1200달러·日 10만엔…현금 살포 나선 주요국,경북사회적경제 코로나극복 판매전 성황,끝까지 버티는 홍남기…'70% 지급案' 안굽혀,'유동성 위기' 대한항공…결국 1兆 유상증자 추진,"재난지원금 제각각…""지원방식 꼭 확인하세요""",'코로나 방콕'에…유통가는 벌써 여름,"""경사노위 안돼"" 민노총 요구에…정부, 새 대화기구 검토","GS건설·철도연, 싱가포르 최초 철도시험센터 공사 수주(종합)",바닥 모를 유가 추락에 정유사 '패닉',항공편 끊기고 유가 떨어지고…'위기'의 종합상사들,"""창업부터 독립까지 밀어준다""…사내벤처 3곳 키우는 우리금융",'대출 여력 부풀리기' 유혹 못 참은 금융당국,"신한카드""학교 수업료·급식비 자동납부땐 8000원 돌려드려요""","국민카드 ""아이폰 리스해서 쓰세요""","라임 펀드판매사들, 부실펀드 처리할 '배드뱅크' 논의",[김과장 &amp; 이대리] 코로나 시대 경조사 표정,신라호텔 1분기 110억 적자…반년치 이익 까먹었다,[김과장 &amp; 이대리] 돌아서면 밥…돌아서면 밥…삼시세끼 챙기는 게 더 큰일,내팽개쳐진 자유무역…곳곳 마스크·식량 수출 '빗장',[김과장 &amp; 이대리] 한국석유공사 '언택트 소통',코로나 핑계로 안면인식 추적까지…'21세기 빅브러더'의 등장,"국경이 폐쇄된다…""해외여행 더는 당연한 일 아닐 수도""",[김과장 &amp; 이대리] 롯데면세점 직원들이 추천하는 서울 소공동 맛집,"화천군, 코로나19 취약 농업인 위한 영농대행 성과","울산항만공사, 사회공헌 예산 1억2천여만원 조기 투입","자금난 겪는 대한항공, 대규모 유상증자 추진","조달청, 수요자 제안형 혁신시제품 사업 추진",정의선 부회장 등 현대차그룹 임원 급여 20% 반납(종합),"이건마루, 프리미엄 원목마루 '라르고' 출시","삼화페인트, 전문가용 친환경 페인트 '아이럭스' 출시",소상공인지원센터 속초 등 4곳 조기 개소,"홈앤쇼핑, '코로나19' 관련 전사 재택근무 탄력적 운영",고급화 바람…가구업계 돌파구 된 '세라믹 스톤',WTI 유가 배럴당 15달러도 붕괴…21년 만의 최저(종합),국고채 금리 혼조…3년물 연 1.013%,"김상조 정책실장, 22일 주요 그룹 경영진 만난다","""S&amp;P500 기업 1분기 순익 11년 만의 최대 감소 전망""","""현장에서 원하는 혁신제품 찾는다""…혁신조달수요 발굴 TF 신설","현대차그룹 임원 급여 20% 반납…""코로나19 고통분담""","씨유메디칼 ""지비홀딩스 주식 20억원어치 취득…지분율 23.1%""","폭스바겐, 올 여름 출시할 티구안 F/L 티저 공개","한솔시큐어 ""지비홀딩스 주식 20억원어치 취득…지분율 23.1%""","4월 국산차 판매 '훈풍', 코로나19 뚫는다","건설사들, 모듈러·드론 활용 스마트 기술 상용화 '박차'",'김회장' 회사에 라임 펀드 자금 195억원 내준 前임원 구속기소,"GS건설, 싱가포르 철도시험선로 5500억 수주",여행·외식 대신 배달·마트…코로나에 사라진 '인스타 허세',"(주)마창대교, 창원힘찬병원에 어려운 이웃 수술비 기탁","동서발전 노사, 지역경제 활성화·일자리 창출 특별합의","포스코에너지, 광양LNG터미널 상업운전 시작","한국 수출, 고용 기여도↓ 소득 기여도↑",코로나에도 2월 산업용 전기 사용량 11개월만에 '깜짝' 반등,"한은 떠나는 비둘기파 ""발권력 적절히 활용해야""",칠곡서 사회적 거리 둔 모내기…부자 마스크 착용,"곡성군, 수변 관광벨트 거점 '압록 상상스쿨' 개장 준비",2025년 개원 국립도시건축박물관 국제설계공모 추진,"패션업계 '바이러스와의 전쟁'…이랜드, 항균 99.99% 원사 만든다","""AC 시대 대비하라""…코로나 극복 나선 기업들","여신금융협회, 리스 업무 사이버 교육과정 개설","현대차 수소연료전지시스템, 미국·유럽에 수출한다","""편견 깨고 긍정적인 영향 주는 멘토 될래요""","LG, 디지털 전환 가속화로 기업 환경 변화에 대응…新성장동력 발굴",車업계 '사면초가'…코로나에 수출·내수판매 '뚝',"한화, 고부가 제품 핵심역량 키우고 체질 개선 나선다",같은날 공개한 24kg…삼성·LG 세탁기로 '또 한판',"삼성전자 ""위기를 이길 힘은 혁신뿐""…AI·로봇·반도체 '초격차' 전략","코오롱, 슈퍼섬유·투명 PI필름으로 글로벌 시장 공략",부산 범일동 유니클로 두달째 낙동강 오리알 신세,"삼성·LG, 멕시코 TV공장 셧다운 연장…유럽·미국 속속 재개","한진, 원가 경쟁력 확보 등 기초체력 쌓는 데 집중","SK, '사회안전망' 데이터 축적…체계적인 '워크 시스템' 정착 노력","GS, 디지털 전환 올인…주유소가 '에너지·모빌리티 융복합 스테이션'으로","괴산군, 사리면 이곡저수지 일원에 '숲 교육·체험 단지' 조성","롯데, 유통부문 온라인 역량 강화…오프라인 매장은 구조조정","도이치모터스, 미니 서포터즈 2기 모집","LG이노텍, 혁신기술로 글로벌 1위 소재·부품기업 도약","LS, 전선업계 첫 'IoT 재고 관리 시스템' 추진","효성, 수소사회 핵심인 탄소섬유 집중 육성","오예스 쿠키앤크림, 두달새 1000만개 판매",땅속 배관 족집게처럼 찾는다…포스코 등 기술 개발
2020.04.21,"S&amp;P, 한국신용등급 '안정적' 유지","[종합] S&amp;P, 韓 국가신용등급 'AA' 유지…""코로나 영향 일시적""","車업계 ""코로나 버티려면 42조원 유동성 감당해야…지원 시급""(종합2보)",아시아나에 1.7조 두산중공업에 6천억…기간산업 대책 윤곽(종합2보),정형우 노사발전재단 신임 사무총장,"車업계 ""코로나 버티려면 42조원 유동성 감당해야…지원 시급""(종합)","현대차, 3년여만에 회사채 발행 추진…규모 3천억 이상","[속보] S&amp;P, 한국 국가신용등급 'AA' 유지…등급 전망 '안정적'",엘카코리아 '코로나 극복' 기부,"농협銀, 코로나 극복 응원 영상 배포","롯데칠성음료, 장애아동에 신발 전달",'드라이브 스루' 이어 온라인으로 포항 활어회 판매,8단 습식 더블 클러치…더 강해진 '벨로스터N',기아차 '캬TV'로 온라인 마케팅,"국내 무역업체 '이란 자금 제재 위반' ...기업銀, 美당국과 1000억 벌금 합의",제목없음,온실가스 배출권 돈 주고 사야하는 업종 늘어난다,"산업부, 원전해체연구소 내년 착공",보험업계 해외진출 성과 가시화 ...작년 해외점포 순익 3배로 늘어,"굴지의 원전기업서 '밑 빠진 독'으로…두산重, 결국 공기업화 되나",한국서 해고하려면 50일전 통보해야…英·佛 '경영난 예방' 정리해고도 가능,아시아나항공에 1조7000억 지원,아마존 18만명 뽑는데…쿠팡은 시간제 알바만 늘린 이유,"'유동성 위기' 대한항공, 제주 사원주택 부지도 매각","""돈 얹어줘도 안 사""…유가 하루아침에 -37弗, 두 눈을 의심했다",캄보디아·베트남 진출 순항…글로벌 금융그룹 도약 나서,"공영운 현대차 사장 ""미국·유럽 풀려도 수출 상당 기간 어려워""","김기홍 JB금융 회장 ""수도권보다 지역 공략"" 밀어붙여 최대 실적",소상공인 대출 신청 더 늘까봐…한도 늘려놓고 숨긴 중기부,"새 금통위원들 ""전례없는 통화정책 필요""…금리 또 낮추나","HDC, 아시아나 포기 가능성에…채권단, 1.7조 '긴급 수혈'","인수절차 줄줄이 밀리자 ""더 이상 버틸 여력 없다""…속 바짝 타는 아시아나",생활용품업계 지구의 날 '환경 마케팅',"장평순 교원 회장 ""AI 중심으로 변화""…혁신센터 설립","車업계 ""수개월 내 부품업체 줄줄이 도산""…성윤모 ""대책 곧 마련""","벤텍스, 항균 스프레이 개발…마스크에 뿌리면 재사용 가능","코로나19로 외식 급감…""농식품 사서 조리한다"" 응답 83%","'LA 명물' 달걀샌드위치 온다…에그슬럿, 한국 1호점 상륙",앤클라인 가방 제조사 '코로나 직격탄'…법정관리행,은행 넘보는 '쓱페이'…유통 전쟁터가 바뀐다,에코프로 1분기 영업익 107억원…34.5% 감소,음악 저작권 지분 쪼개 거래…뮤직카우 '콧노래',대구은행 미래 영업환경 대응 업무지원 시스템 구축,에코프로비엠 1분기 영업익 88억원…39.4% 감소,"[팩트체크] 국제원유가 마이너스면 국내 휘발유 공짜?…""아니다""","아시아나항공, 유동성 위기 넘겨…1조7000억 자금 지원","GS칼텍스 허세홍, '화훼농가 돕기' 릴레이 동참","""국회 두고 질본만 깎는다?"" 공무원 연가보상비 삭감 놓고 공방","수은, 두산중공업 5억달러 외화채권 대출로 전환(종합)","[속보] 검찰, '미공개 정보 주식거래' 신라젠·대표 자택 압수수색","산은·수은, 아시아나항공에 1.7조 신규 자금 지원","두산중공업, 첫 고비 넘었다…'6000억원 외채' 대출로 전환","두달째 日에 발묶인 신동빈, 셔틀 경영 대신 '원격 경영'",충남 농식품 수출 15% 증가…코로나19 영향 인삼제품 급증,국고채 금리 일제히 상승…3년물 연 1.035%,호주 2위 항공사 버진 오스트레일리아 회생절차 돌입,롯데百-이성당 손잡고 '이성당과자점' 열었다,"車업계 ""유동성·세금감면"" 호소…성윤모 ""지원하겠다""",유가 급락에 지난달 시추·정유 일자리만 5만개 증발,"LG하우시스, 프리미엄 창호 유로시스템 출시…""단열성능 우수""","수은, 두산중공업 5억달러 외화채권 대출로 전환",G마켓·옥션에서도 온누리상품권 결제,"[속보] 수은, 두산중공업 6000억 외화채권 대출로 전환 결정","SK 행복나래, KAIST와 손잡았다…소셜벤처 창업역량 강화과정 수강생 모집","[1보] 수은, 두산중공업 6천억 외화채권 대출로 전환 결정","""코로나로 건설투자 최대 10조원, 취업자 수 11만명 추가 감소""","""세균까지 보겠다""…삼성전자, 6억 화소 이미지센서 도전","신성이엔지 등 3개 기업, 김제에 공장 건립 협약","KT&amp;G '에쎄', 누적 판매 7000억개비 돌파…""글로벌 초슬림 담배 1위""","금감원, 마이너스 유가 'HTS 오류' 조사…피해 규모 확인","한진중공업 팔린다…채권단 ""연내 매각 목표""","S&amp;P ""코로나 여파 아태지역 실업률 악화폭 3%포인트 넘어""","대전테크노파크, 개방형 네트워킹 공간 '오픈이노비즈카페' 열어",부산 북항 매립지 경계조정 다툼 중앙분쟁조정위서 심의,"개포1단지 재건축 조합, '드라이브 스루' 총회 연다",현대엘리베이터·우아한형제들 손잡았다,"에어프레미아, 항공권 발권 위한 코드 'YP'로 배정받아","넥스트사이언스 ""美바이오업체 주식 61억원어치 취득""",사상 첫 마이너스 유가에 증권사·투자자 '멘붕',"연수원은 '치료시설'로, 中企엔 금융지원…사회공헌 팔걷은 DGB대구은행","한국타이어, 설비 이상 탐지 예측 시스템 개발","국세청, '납세자보호위' 통해 납세자 이의제기 65건 수용","쌍용차, '렉스턴 스포츠' 누적 판매 10만대 돌파","더클래스 효성, 프로골퍼 이다연∙김지현 선수 후원",[한상춘의 환율진단과 전망] 신흥국 디폴트 위험 원달러 환율 영향은?,"돈줄 마른 항공업계 ""현금을 지켜라""","월급쟁이 3명 중 1명, 月소득 200만원 안돼","채권단, 한진중공업 매각 추진…""연내 매각 목표""","행복나래-KAIST, 기술기반 소셜벤처 창업 과정 개설","쿠팡 ""크린랲 공정위 신고 사안, 법 위반 없다는 통보받아""",[김익환의 외환시장 워치]하루 만에 증발하는 '北 리스크'...이번에는 다를까,"교보라이프플래닛, 오픈인증 서비스 도입","단양국유림관리소, 드론 띄워 산불 취약지역 감시","롯데케미칼, 시황 악화로 울산공장 일부 가동 중단","""2년 지난 토익성적도 인정해줘라""","'대우' 브랜드 외국에 넘기나…""포스코인터, 中업체 등과 협상""(종합)","중기중앙회, IBK기업은행과 소상공인 금융지원 협약 체결","코로나 직격탄 車업계-성윤모 장관 한자리에…""지원대책 검토""",LPG 1t 트럭 홍보 '팔 걷은' SK가스,"1.6조 홈뷰티기기 시장 잡아라…LG전자, '피부과학 자문단' 운영"
2020.04.22,"교보라이프플래닛, 1000억원 규모 유상증자 실시",카타르 LNG프로젝트 개시…3조5천억원 규모 수주전 중국이 첫 승,"당황한 기재부, 할말 잃은 홍남기","증선위, 회계처리기준 위반 이수화학·이니텍 제재","기재부 ""꼭 필요한 70%는 받아야하니까 증액동의 불가피""(종합)","기재차관 ""기업안정기금·회사채·CP 매입기구 든든한 정책방패""","예정처 ""재난지원금 '70% 지급' 반발 크고 형평성도 문제""",신한은행 '우리동네 소상공인 응원',"서득현 사장 ""안전이 곧 실적…내 별명은 '서안전'""","코로나發 '재활용품 대란' 우려에…정부 ""아파트 수거대금 39.2% 낮춰라"" 권고","정부 ""여야 합의한다면 수용 입장""… 기재부 '당혹'","재계 ""'기업에만 80조 투입' 환영…자금경색 신속히 풀어야""(종합)","드림텍, 엑센도 사업 양수…광학센서·카메라 사업 강화","시노펙스, 김천공장 설비 확장…中 수출용 '고성능 필터' 양산",창업주 2·3세 의기투합…'휴대용 소독기' 창업,"특허청, 사우디 코로나 특허정보포탈 구축 지원한다",산업부장관 만나고도 '낯빛 어두운' 정유업계,삼성 'QLED 8K' TV…獨 영상·음향 평가 신기록,"LS니꼬동제련 사보 LSN진, '머큐리 엑설런스' 국내 첫 수상",유가 '치킨게임'…사우디가 최종승자?,돼지고기 값 한달새 16% 올라,"3500억 조달 '빨간불'…광주글로벌모터스, 하반기 공사 중단 우려","롯데마트, 이색 채소 판매행사","코오롱스포츠, 친환경 옷 출시",스타벅스 '연한 커피' 매장 확대,"정부, 40만명 단기알바 뽑고…민간기업 15만명엔 채용 보조금",롯데호텔 6성급 '시그니엘 부산',"항공조업·면세점·MICE·공항버스업 특별고용지원업종에 포함…정부, 생계비 지원 나선다",기간산업·소상공인 등에 80조 투입…일자리 55만개 만든다(종합),산은에 '40조 기금' 설치…정부보증 채권 발행으로 조달,"김상조 靑 정책실장 ""고용 지켜달라""…결국 대기업에 SOS",'코로나 극복' 90조 추가 투입…총 240조 푼다,"삼성·현대차, 글로벌 공급망 다시 짠다",3차 추경으로 재원 마련…재정건전성 악화 우려,"위기 버틸 현금 쌓고, 경제 블록화 강화…경영 키워드가 바뀐다",울산 '스마트공장 코디네이터' 도입…기업 맞춤형 컨설팅,반세기만의 3차추경 공식화…6월초 제출·최소 10조원대 규모(종합),"""국내는 좁다""…렌털기업들, 해외진출 가속",대리기사·학습지 교사 등 93만명에 150만원 준다,금융안정 등에 40조 추가…비우량 회사채·CP 매입에 20조 투입,7대 기간산업 대기업에 '40조 수혈'…정유·유화산업 추가키로,노동계는 판 엎고 정치권은 개입…광주형 일자리 좌초 위기,"정부, 지원 대가로 주식 취득 조건 걸어…기업 ""경영간섭 없어야""","美 셰일업계 줄파산 공포…""배럴당 10弗대 지속 땐 1100여곳 쓰러질 것""",포스코케미칼 '음극재 독립만세'…미쓰비시·히타치도 제쳤다,"경기도, '분양·임대' 같은 동에 넣은 '경기도형 사회주택' 추진","태백 산업전사위령탑 성역화 본격 논의 ""석탄산업 재평가""","BC에서 AC로 바뀌는 제조업의 미래, 셧다운 없는 無人공장…'저스트인타임' 폐기","브렌트油도 한때 10弗대 추락…""추가감산 없으면 또 마이너스 유가""",재택근무로 평가시스템·채용 스타일 달라져,해외서 펄펄 나는 풀무원…'달콤한 김치'로 제2 도약 시동,"하나은행, 손실 난 伊펀드 '선제적 보상' 검토",당좌거래정지 (22일),라임 배드뱅크 설립에 일부 판매사 난색…지연될 듯,"'폰' 요금 잘 내고, 인터넷TV 많이 보면 ""대출금리 깎아드려요""","JB금융, 동남아 공략 '날개'…베트남 증권사 인수 승인 받아",지난달 생산자물가 5년 만에 최대폭 하락,"동부산림청, 정보통신기술 접목한 첨단 양묘 시스템 구축","삼성전자, 중국에 전세기 띄웠다…반도체 인력 200여명 급파","채권단, 금주내 대한항공 지원방안 발표할 듯","코로나19 속 한중경협 기지개…삼성, 반도체 인력 中급파(종합)","아시아나항공, 채권단 지원에 단기차입금 1.7조원 증가 결정","車·조선업계 ""'40조 기금' 반가운 소식…신속한 집행이 관건""",돌아온 포항 활어회 드라이브 스루…이번엔 영천휴게소,"신반포15차, 내일 시공사 선정 총회 강행…최소 91명 모인다","브렌트유 21년 만에 최저치…정유업계 ""10년 중 최대 위기""","단양 백광소재, 태경비케이로 사명 변경",코로나 여파로 제주도 서비스업 1만5000명 실직…2013년 이후 최악,"용인 반도체산단 공청회…안성주민 ""처리수 유입 반대"" 한목소리",제주서 코로나19 여파로 서비스업 1만5천명 실직,기간산업·저신용도 기업·소상공인 등에 80조 추가 투입,국고채 금리 일제히 상승…3년물 연 1.046%,"신남방비스니스연합회 ""네트워크 가동해 코로나 대응 모색""","양구군, 강원도와 손잡고 아스파라거스 14t 완판 도전","아모레퍼시픽, 지구의 날 맞아 '레스 플라스틱 실천' 제시","정유업계 ""납세 유예론 부족…추가대책 절실"" 유동성 지원 호소",슬기로운 레저 생활…'자체夜광' 매력 뽐내라,"아이더, 아이스 섀도 시스템으로 태양열 반사하는 '시원한 블랙'","코오롱스포츠, 밤에도 빛난다…별이 되는 재킷","K2, 순식간에 땀 마르는 '오싹 티셔츠'…""클래스가 다르다""","네파, 몸에 착 '비타 프리모션'…산책·산행에 딱 애슬레저룩",일상·아웃도어 모두 신는 신발의 SUV '스티오',"수자원공사, 코로나19 고통분담…댐용수·상수도 요금 감면",브렌트유도 21년 만의 최저치 하락…배럴당 15달러대,"항공업계 ""정부 지원 유동성 '단비'…조속한 집행 관건""",미 연준式 저신용 회사채·CP 20조 매입…한은 유동성 공급(종합),남는 것 없이…'눈물로 띄우는' LCC 국내선,"경제단체 ""'기간산업 40조 투입' 환영…대승적 합의 이뤄지길""","""1인당 GRDP 최고 울산, 가계소득 비중은 최저""…한은 보고서","[종합] 홍남기 ""고용안정대책 중 9.3조원 재원, 3차 추경으로 마련""",기간산업에 40조 투입…고용유지·자구노력·이익공유 조건(종합2보),"[특징주] 한진중공업, 채권단 매각 추진 소식에 급등(종합)","블랙야크, '혼산'은 블랙야크가 책임진다","서경배 회장 ""환경과 공존하는 '기업시민' 역할 다하겠다""",韓 기업 신북방 교류 강화 꾀한다…'코로나 프리 패스포트' 추진,"홍남기 ""고용안정대책 중 9.3조원, 상당규모 3차추경에 반영""(종합)","삼성물산 패션부문, 수트서플라이가 말하는 한여름 슈트 입는 법","유니클로, 일상복 같은 운동복 '애슬레저'…짱짱한 기능에 스타일까지 더했다","폭스바겐, 국내서도 새 브랜드 디자인·로고 입는다","JM솔루션, 수분 공급·미백 한 번에 해결…액티브 버드네스트 더블앰플"
2020.04.23,"JP모건, 올해 한국 경제성장률 전망 0%로 하향","'코로나 지원금 70%' 고수하던 홍남기, 총리 경고 9시간 만에 항복",대한항공도 1조 수혈 받는다,"기재부, 코로나지원금 '전국민 지급' 선회",'동학개미운동'에 삼성전자 주주 석달 새 100만명 늘어…154%↑,"금감원, WTI원유 선물 연계 ETN·ETF 소비자경보 2차 발령(종합)","LG전자 창원공장 일부 조업 중단…""코로나발 수요감소 대응""",수출 감소에…기아차 소하리·광주2공장 27일∼5월8일 '셧다운'(종합),"기재부 ""전국민 긴급재난지원금 추가재원 국채발행 통해 조달""",佛 럭셔리 여성복의 변신…한국인 체형에 맞춘 랑방컬렉션 매출 질주,"신세계百, 중소기업 특별전",양배추·시금치 가격 오름세…수확철 끝나자 생산량 급감,"공영쇼핑, 업계 최초 상품평가위원회 화상 진행","대한통운, 물류기술연구소 출범","인터로조, 대구 의료진에 1억원 상당 콘택트렌즈 기부","홈씨씨인테리어, 올해 신규 패키지 인테리어 출시","일룸, 어린이날 맞아 유아용 소파 '아코' 신제품 출시",소상공인연합회 배동욱 신임 회장,"톰스, 자연분해되는 천연소재 봉투로 음식물쓰레기 봉지째 버리세요",안산·시흥지역 고용유지지원금 신청 기업 급증,"한국디자인진흥원, 소·부·장에 디자인 입혀 가치 높인다","中企 옴부즈만-중진공, 맞춤형 규제개선 나선다",대충 입는 추리닝?…MZ세대는 멋으로 입는다,"포스코강판, 스타트업과 포스아트에 액자형 스피커 접목","공정위, 제주항공의 이스타 인수 41일 만에 승인",대한상의 '온라인 경영콘서트',"香, 꽃이 되다…신세계인터내셔날 佛 향수 딥티크, 봄 한정판 '임파서블 부케 컬렉션'",양대노총 '해고 금지' 협공 예고…勞에 더 기울어진 운동장 되나,기아차 광주공장 스포티지·쏘울 생산라인 27∼5월 8일 휴업,'한 끗 다른' 애슬레저…무엇을 하든 편하다,예상 밖 선방에도 웃지 못한 SK하이닉스,'놀랍다' LG생활건강…60분기 연속 실적 신기록,"""줄도산 위기인데 정부 지원 제외…우린 버림받았다"" 섬유산업의 탄식",민노총 이어 한노총도 참여…노·사·정 협의체 내주 구성,1분기 성장률 -1.4%…11년 만에 '최악',"'지원기업 국유화' 논란에…정부 ""의결권 없는 우선주 취득할 것""",40조 쏟아붓는데…'7대 기간산업' 기준도 못정한 정부,롯데마트 25일 신선제품 반값,"LG디스플레이, 모니터·노트북 LCD로 승부",유가 폭락까지…문앞에 디플레이션이 와있다,"한국, 올해 역성장하나…'-12.2%'도 등장","경제계 ""기간산업 쓰러지면 복구 불가능…신속·탄력 지원해야""",지갑 닫았다…외환위기급 '소비절벽'이 성장률 끌어내려,코로나 지원 나선 김용덕 손보협회장,KB금융 1분기 순익 13.7% 감소…기타영업손실 발생 탓(종합),분기 판매량 100만대 못 지킨 현대차,"인천공항공사, 사상 첫 적자 예고","아파트 보유한 1인·가족형 '부동산 법인'…국세청, 전수 검증 '칼 뽑았다'",1분기 하루 평균 외환거래액 사상 최대,"현대해상, SK C&amp;C와 디지털분야 신사업 모색","삼성물산, 신반포15차 재건축공사 수주…5년만에 귀환 성공","경기도, 위축된 경제회복 위해 '착한소비 운동' 추진",봄철 이상저온에 경기도 과수 1천561㏊ 냉해,"주택업계 ""미분양관리지역에 '비인기 지역' 낙인효과 피해""","기재차관 ""코로나 상황 반영해 규제혁신 중점과제 선정""","""꽃을 든 회장""…패션·뷰티업계 '플라워 버킷 챌린지' 동참","정부, 5월 국고채 12.1조 발행 계획",광주시 무사고 법인 택시 운전원에 월 5만원씩 1년간 지급,'돌밥돌밥'과의 기나긴 전쟁…엄마들은 결국 이걸 꺼냈다,"현대차, 2020 1분기 매출 25조3,194억원‥전년比 5.6%↑","라인파이낸셜플러스, 홍콩계열사 주식 4천539억원에 취득","삼성물산, 신반포15차 재건축 수주…5년만에 정비사업 귀환",자가격리 위반하고 목포∼광주 이동…20대 여성 검찰 송치,"한국은행 광주전남본부 ""온라인 비대면 기반 지역산업 육성해야""",현대차 1분기는 고전 끝에 실적 선방…2분기 충격 본격화 우려,국고채 금리 혼조세…3년물 연 1.036%,KB증권 1분기 영업손실 208억원…적자 전환(종합),"여수시, 수소전기자동차 구매 보조금 지원",국제유가 급반등에 원유 ETN '희비'…인버스는 줄줄이 급락(종합),DMC리버파크자이·DMC리버포레자이 견본주택 내일 개관,봄에 영하권 이상기온…전국 과수 농가 '냉해'로 시름,"모바일 '카트라이더', 사전등록 일주일 만에 300만명 돌파",쌍용차 코란도는 왜 안전에 집착할까,"[시승]함께 하는 즐거움, 미니 JCW 클럽맨",'축구장 4배' 세계 최대 크기 HMM 컨테이너선 위용,"KB금융, 1분기 순이익 7295억…'코로나19' 탓에 전년比 13.7%↓","조달청, 협상계약 기술평가 변별력 높인다",코로나 여파에 빅토리아 시크릿 매각 무산 위기,RFHIC 1분기 영업익 18억원…작년동기 대비 77.2%↓,"우리카드, 네이버페이 포인트 적립 체크카드 출시","LG화학, 그린론으로 7000억 '충전'","한화에너지 ""투명경영""…사외이사제 도입",코로나19 틈새 파고 든 네이버·LG생건…1분기 성적표 '우수',KB증권 1분기 영업손실 208억원…적자 전환,국민은행 1분기 영업이익 8천326억원…작년 동기 대비 7.4%↑,3월 방한 외국인 관광객 95% 급감…출국 관광객도 94% 줄어,KB금융 1분기 순익 13.7% 감소…기타영업손실 발생 탓,"미국인 25% ""1년내 실직 두려워""…갤럽 조사 역대 최고치",'뚝 떨어진' 기온에 충남도내 789 과수농가 911㏊ 냉해 피해,[column of the week] 바이러스로부터 직원 건강을 지키는 법,강력한 리더가 도대체 누구야? 위기가 오기 前에 알아보려면…,"하나 에코헬릭스, 친환경·아름다움 모두 갖춘 '화장품 디스펜서 펌프'","우리금융그룹, '코로나 금융애로' 창구 운영…아동·노인층에 손소독제 전달",KB금융 1분기 영업이익 1조391억원…작년 동기 대비 10.4%↓,[모십니다] 디지털 마케팅 혁신 전략…'24기 브랜드마케팅 경영 MBA 과정',전국 배·사과 냉해 피해 심각…여의도 면적 25배 이상,"여행업계 ""미래 장담 못하는 상황…정부지원 연장 필요""","포스코케미칼, 장애인 스포츠 선수단 창단",金겹살 된 삼겹살…구글 검색 트렌드에 답 있네,"""해남 왕고구마 300t 구매 OK"" 정용진, 백종원에 통큰 화답"
2020.04.24,"정부, '수소차·전기차 규제혁파 로드맵' 발표",현대제철 당진제철소 인부 13명 악취 가스 흡입…3명 입원치료,5.5조 규모 회사채 신속인수제 가동…BBB등급도 담는다,"이동걸 산은 회장 ""병상 많이 비워놨다…환자 치료능력 충분""","신한금융, KB금융 순익 2천억 차이로 따돌리고 1위 고수(종합)","""당장은 LCC 추가지원 계획 없다""…중소형항공 이참에 정리하나","산은·수은, 대한항공에 1.2조 긴급 지원…지분 10.8% 확보 가능(종합3보)",'이탈리아 헬스케어 펀드' 보상안 확정,[Q&amp;A] 긴급재난지원금 일부만 기부할 수 있다,"'핀테크 금융플랫폼' 뱅크샐러드 김태호 CTO ""데이터가 조직을 움직이게 하라""",국민은행 '코로나 대응채권' 5억弗 발행,"항공사 ""정부 취득지분, 향후 제3자 매각 땐 경영권 위협"" 우려","이동걸 산업은행 회장 ""병상 많이 비워놨다…새 환자 들어오더라도 치료할 능력 갖춰""",대한항공 1.2조원 긴급수혈,'규정 미준수' 방사선 이용 업체 2곳에 과징금 1억2천만원,내 지역에선 얼마 주나?…'코로나지원금' 5대 궁금증,"'석달 휴업' 전시·박람회 재개…""한국 놀랍다"" 해외서도 관심","제스프리, 썬골드키위·그린키위 첫 출하 행사","은성수 ""기간산업 국유화 없다…지분 가져도 의결권 행사안해""",코로나에 中 판매 60% 급감…기아차 1분기 순이익 '반토막',"산은·수은, 대한항공에 1.2조 긴급 지원…지분 10.8% 확보 가능(종합2보)",'저금리 직격탄'…금융지주사 실적 '빨간불',최단기간 1만대 팔린 르노삼성 XM3,코로나19에 호텔신라 1분기 영업손실 668억원…20년만에 첫 적자(종합),모두가 100만원 받더라도 부자보단 서민이 큰돈이라 느껴…'선별적 복지'가 옳은 선택이네,철광석값 오르고 수요는 줄고…철강업계 '이중고','교수 노조' 설립신고서 받고 3주 넘게 전전긍긍하는 고용부,불륜의 기대효용이 높다는데…전 남편의 빈자리가 큰건 왜일까,조원태 취임 1주년에 '유동성 수혈' 선물받은 대한항공,코로나 충격에 철강산업 실적 '뚝'…車·건설 부진 '유탄',"현대종합상사 ""자회사 현대네비스 주식 271억원에 취득""","SK가스 ""계열사 SK D&amp;D 주식 511억원에 추가취득""",한샘 1분기 영업이익 168억원…작년 동기 대비 9.2%↓,"현대모비스, 울산 친환경차 전용공장 내년 1월부터 양산",국제유가 이틀째 상승에 원유관련 ETN '희비' 엇갈려(종합),주성엔지니어링 1분기 영업손실 24억원…적자 전환,"산은·수은, 대한항공에 1.2조 긴급 지원…지분 10.8% 확보 가능",국고채 금리 혼조세…3년물 연 1.018%,호텔신라 1분기 영업손실 668억원…적자 전환,"여수상의, 정유사 주행세 납기 연장 건의",골프존 1분기 영업이익 153억원…작년 동기 대비 3.2%↑,하나금융 1분기 순익 6천570억원…작년보다 20% 증가,"""위험 물질 지나는데""…한전, 여수산단 전력공사 안전 '논란'","미ITC ""한국 등 18곳 알루미늄 합금 판재로 산업 피해""",신한금융 1분기 순익 9천324억원…작년보다 1.5% 증가,"중국, 5천만원 넘는 전기차 보조금 배제…테슬라 딱 걸려","하나금융, 1분기 순이익 6570억원…전년比 20.3%↑","[속보] 산은 ""3천억원은 주식전환증권으로 지원…10.8% 지분 보유""",하나금융투자 1분기 영업이익 641억원…작년 동기 대비 25%↓,신한카드 1분기 영업이익 1천644억원…작년 동기 대비 0.4%↑,신한은행 1분기 영업이익 8천278억원…작년 동기 대비 2.9%↓,코로나19로 안전자산 선호…금값 사상 최고치 경신(종합),신한지주 1분기 영업이익 1조2천574억원…작년 동기 대비 4%↓,"[2보] 산은·수은, 대한항공에 1.2조 자금 긴급 지원","""1등은 다르네""…신한금융, 코로나19에도 성장세 지속",'수산물 이어 꽃 구매 운동도'…목포해경 코로나 위기극복 동참,"[1보] 산은·수은, 대한항공에 1.2조 신규 자금 지원",하나은행 1분기 영업이익 7천209억원…작년 동기 대비 17.7%↑,하나금융지주 1분기 영업이익 8천791억원…작년 대비 17.3%↑,"정부, 코로나19에 공공기관 3곳 배당금 납부 유예 결정",에스원 1분기 영업이익 479억원…작년 동기 대비 4.1%↑,"현대모비스, 1분기 영업익 3,609억원으로 전년 比 26.9% ↓","""재난지원금, 기부할 의향이 있으십니까?"" 물었더니… [한경 폴]","애플 ""아이폰 메일앱 결함, 해킹에 이용된 증거 없다""","주택금융공사, 5월 보금자리론 금리 동결…최저 연 2.2%",한돈 드라이브 스루 돼지고기 판매,괴산군 '명산 가이드북' 발간…괴산 명산 46곳 소개,"삼성자산운용, 자회사 삼성헤지자산운용 흡수합병",태백 철암역두 선탄시설 투어 관광콘텐츠로 개발,임금 체불·횡령…무너지는 '여자 백종원',러시아와 서비스·투자 FTA 협상…나흘간 화상회의,"수출수입 중소기업 40% ""3개월 뒤 심각한 자금난 우려""","제주항공, 황금연휴 국내선 탑승객 발열 검사",한돈 돼지고기 드라이브 스루 판매,"온라인 수업 확대…LG전자, 국내 TV시장에 집중","LIG넥스원, 임단협 34년 연속 무분규 타결",완성차 멈추자 현대모비스 연쇄 타격…모듈·핵심부품 적자전환 [종합],"원유선물ETF 운용방식 변경 논란…""투자 손실"" vs ""투자자 보호""","일본은행, 무제한으로 돈 뿌리나…국채 매입 상한 철폐 추진","[속보] 현대모비스 1분기 영업익 26.9%, 순이익 28.2% 감소","일본은행, 국채 매입 상한 철폐 추진…추가 금융완화",글로벌 인기 3D애니 `출동! 유후 구조대` 지상파 첫 방영,금주의 신설법인 1024개,현대건설 1분기 영업이익 19% 감소…수주는 10조원 육박(종합),"[속보] 현대건설, 1분기 영업익 1653억원…전년比 19.4%↓",신용카드로 항공 마일리지 쌓는 '신공' 따로 있다는데… [송영찬의 핀테크 짠테크],"포스코, 1분기 영업익 전년比 41%↓…""해외 생산기지 가동 중단""",[1보] 현대건설 1분기 영업이익 1천653억원…작년 동기보다 19.4% 감소,"산업부, 친환경선박 개발계획 수립…""기술개발 예타 진행 중""","기아차, 中 판매급감에 이익도 반토막…""2분기 충격 본격화""",'따뜻한 겨울 탓'…충북 돌발해충 발생 시기 4∼7일 빨라질 듯,"대선조선·이탈리아선급,  국제항해 로팍스선 개발 MOU",보령제약 1분기 영업이익 134억원…작년 동기 대비 42.1%↑,韓코로나19 경제정책도 美에 알린다…조지워싱턴대서 화상세미나,"미니언즈·어피치, 고객님의 선택은?…중고생 후불교통카드 시장 개화","G4 렉스턴, 제2 전성기 꽃 피우나",'회장의 시간' 1년 넘긴 조원태…산적한 과제는?,"""보령 효자도를 누구나 찾고 싶은 섬으로"" 어촌뉴딜 300 착수","부산 경제계 ""오거돈 사퇴 충격…지역현안은 차질없이 추진돼야""","국민은행, 5억달러 선순위 채권 발행…""첫 코로나19 대응채권"""
2020.04.25,"무디스 ""한국, 코로나 대응 훌륭…국가신용등급 영향 제한적""",ABS가 뭐기에…대형항공사 옥죄는 조기상환 트리거,"경기도 재난기본소득 사용 본격화…자영업자 56% ""매출 늘었다""",힘센 청와대는 두고 질본 연가보상비는 삭감…국민들 공분,휘발유 가격 12년만에 1천200원대…추가 하락할 듯,"""러시아, 2월 북한에 정제유 2천937t 공급""","당정, 초중고 가정에 농산물 지원 추진…급식예산 6천억원 활용",휘발유 가격 12년 만에 1200원대…마지노선은 861원,[증시풍향계] 미국 경제 재가동 시도·FOMC 결과 등 주목,[표] 주요 경제지표 및 행사 일정(4월 27일∼5월1일),코로나 타격 더 커지나…내주 산업생산·소비심리지표 주목,미국도 원유ETF에 개인투자자 자금 대거 유입,"[코로나 뉴트렌드] ""침대서 책상으로 출근""…근무 패러다임 대변동",휘발유 가격 12년만에 1천200원대…추가 하락할 듯,[순간포착] '바다의 만리장성' 새만금방조제 건설공사,"4월 마지막 주말, 주요 백화점 침구류·가구 등 할인판매",,,,,,,,,,,,,,,,,,,,,,,,,,,,,,,,,,,,,,,,,,,,,,,,,,,,,,,,,,,,,,,,,,,,,,,,,,,,,,,,,,,,
2020.04.26,"랜선 최고 드라이버는 바로 나!…이정우, 심레이싱 '폴 투 윈'",'LF식 사업 다각화' 벤치마킹 나선 패션업계,'대세'가 된 온라인 패션쇼…명품도 '디지털 판로' 개척,'적과의 동침'…이마트몰이 11번가에,교외 가족농장 '인기',"1970년대의 거인 '한일합섬', 마스크로 다시 부활하다","택배도 구독한다…GS25, 구독서비스 개시",'승강기용 항균필름' 최초 개발 놓고 특허 분쟁 조짐,'K-유니콘 서포터즈' 5주간 온라인 IR 행사,삼성 '시스템반도체 비전 2030'…묵직한 성과에도 묵묵한 1주년,"""일감 반토막""…광고시장 '상실의 시대'","제네시스, 유럽 진출 '시동'…英 슈퍼카 출신 영업통 영입","""노선 있어야 수요가 사는데…신규 LCC는 지원 못받아""",현대차 '사내 강의' 대학에 제공,"여전채 시장, 한숨 돌렸지만 '온도차'는 여전","산은·수은, 수조원대 증자 추진",'한국판 뉴딜' 후보는 원격의료·교육,생명·손보설계사 자격시험 재개,"우리금융, 혁신 성장기업 지원…1분기에 2조6340억원 돌파",512조 슈퍼예산으로 복지 '펑펑'…정작 코로나 대응에 쓸 돈 모자라,대학생 학자금 대출 금리 年 1.85%로 인하,"中 진출 기업도 '엄동설한'…10곳 중 9곳 ""체감경기 최악""",코로나 지원금 100만원 받지만…빚은 920만원 는다,"美진출 한국기업, 한마디로 '고립무원'","세븐일레븐, 해주식 비빔밥","한화호텔, 어린이날 패키지","'감자 완판남' 최문순 강원지사 ""타다금지법은 잘못됐다""",여행사 등 무급휴직자 1인당 최대 150만원씩 지원…27일부터 시행,"반세기 넘게 굳세게 전진, 시대의 변화 이끌다",농업인의 든든한 버팀목 농협…디지털로 도·농 격차해소 앞장,"우리은행, 121주년 맞은 국가대표 은행…지주사체제 전환으로 제2도약","덜 내려가고, 배당수익 얻고, 회복도 빠른 '3박자 매력' 미국 배당주에 관심을","""고수익 유혹 끊고 자산배분에 집중할 때""",'코로나 시대' 프랜차이즈 경영…빅데이터 중요성 갈수록 커진다,코로나發 생활 자금난…보험 해지前 보험계약대출 확인을,"종합소득세, 신고는 5월까지 납부는 8월까지","폰케어 액정안심보험, 쓰던 휴대폰도 가입 가능…AI 기술 첫 접목",'재난지원 선불카드' 한도 300만원,"'n번방 입장료' 모네로 국내서 퇴출 수순…빗썸 ""다크코인 2종 투자유의종목 지정""",'소형 SUV 1위' 셀토스…후속 신차들 대반전 노린다,"세단의 반격…G80·K5·아반떼, 과감한 디자인으로 '쾌속 질주'","0.03초, 자동차 사고의 '골든타임'…충돌 예측하는 에어백 나온다","70년 역사, 프리미엄 세단의 별…E클래스, 전통과 혁신으로 빛나다","메르세데스벤츠 더 뉴 CLA, 더 우아해진 쿠페형 세단, 2030 취향저격","마세라티, 伊 명품 제냐와 만났다…스포츠 세단의 끝판왕 '한정판 기블리'","마세라티 르반떼, 돌아온 '럭셔리 SUV' 황제…V6 엔진음은 더 깊어졌다",르노삼성 '1등 공신' XM3…쿠페형 디자인으로 2030 잡았다,LPG도 가솔린도 통했다…질주하는 QM6,"르노삼성 스테디셀러 SM6, 세련되고 편안하게…""디테일로 승부""",중고차 구매 이젠 '손품'…디지털 경매 나서볼까,제네시스와 프리미엄 브랜드,"IT로 안전 '중무장', 매끄러운 변속…와우! 갓성비 [김보형 기자의 시승기]",티구안 올스페이스 7인승 출시,"한화큐셀, 美 주택·산업용 태양광 모두 1위",야외에서 치른 보험설계사 시험,"LG전자, 협력사 100곳…스마트팩토리 구축 지원",삼성SDI 임직원들이 미스터트롯에서 배운 성공 DNA,"""친환경 운전하고 '탄소포인트' 쌓으세요""…참여자 모집",3차 추경안에 산은·수은 자본확충 반영(종합),[카메라뉴스] 고수동굴 두 달 만에 재개장…아직은 한산,"'저성장 고착화' 어쩌나…한경연 ""규제개혁으로 생산성 높여야""","현대차그룹, 대학 온라인 강의 콘텐츠 지원",코로나19 등 바이러스 진단·치료제 관련 상표 출원 급증,금감원 2019년도 1사1교 금융교육 수상사례집 발간,코로나19로 1분기 보고서 지연제출도 행정제재 면제,라임처럼 사모펀드 환매 연기땐 석 달내 지급방법 정해야,"금감원, 증권사 유동성 관리실태·고위험 상품판매 집중 검사","10개 고성장 기업, 온라인 투자설명회…K-유니콘 서포터즈 주관","한은 ""일본 서비스업 부진 당분간 심화…외국인 방문객 급감""",3차 추경 30조원대 육박하나…올해 코로나 추경 역대 최대 전망,장 건강-면역력 증강-에너지 UP…트리플케어 하세요!,"건설협회 ""GDP 15% 비중 건설투자 늘려 한국형 뉴딜 시행해야""",서울지역 농가에 농기계 구입비 최대 600만원 지원,"한화큐셀, 미국 주택용·상업용 태양광 모듈 시장 동시 1위",조류인플루엔자 대비해 전국 가금농가 일제 방역 점검,우수 로봇기업에 저금리 대출…전담은행으로 신한은행 지정,내년부터 제조기업 R&amp;D·기술사업화 지원에 2천억원 투입,으뜸효율 가전제품 구매비 환급 첫달에 17만6천건 신청,"국토부, 창호·붙박이가구 등 친환경 건축자재 성능 점검","GS25, 편의점 택배 멤버십 서비스 도입…할인쿠폰 정기 지급","국민銀, 고객참여형 기부로 소상공인·취약 청소년에 3억원 지원",'라임 핵심' 이종필 잡았지만…멀어진 투자자 손실 회복,"LG전자, 100개 협력사 스마트 공장 구축 지원","[인터뷰] ""똑똑했던 동학개미운동, 투자는 아는 종목만""","""봄철 등검은말벌 여왕벌 포획해야 꿀벌 피해 예방""","현대차그룹 사내 콘텐츠, 국내외 대학에 온라인 강의자료 제공",공공건축물 그린리모델링 의무화되나,[하이빔]다시 고개 드는 자동차 구매 보조금,"신한은행, '착한 선결제 캠페인' 동참","우리금융, 1분기 혁신성장기업에 2조6천억 지원","부산시, 코로나 피해 기업에 '비대면 수출 마케팅' 지원","[코로나 뉴트렌드] '집콕' 3개월…""집밖에 안나가도 살 수 있어서 신기""",[신차털기] '팝콘 팡팡' 벨로스터 N…런치컨트롤 '슝',"""G20 2분기 경제 성장률 -11%…코로나19 탓에 역대 최저 예상""",경기도 '지페어' 참가기업 비대면 수출마케팅 지원,"이마트몰, 오픈마켓 첫 입점…11번가에서 당일배송 서비스",정부 '유동성 수혈'에 코로나발 항공업 구조재편 빨라지나,코로나19 여파 현대차 올해 첫 임금교섭 7월로 늦어질 듯,"""G20 2분기 경제 성장률 -11%""…역대 최저 전망",세계 車업계 1분기 실적 '폭망'…공장가동은 슬슬 재개
2020.04.27,파리바게뜨 '펭수 케이크' 출시,던킨 '켈로그 도넛' 출시,농협銀 '씬파일러 신용대출' 출시…사회초년생에 최대 2000만원,"락앤락, 소형주방가전 사업 키운다","채권단 ""구조조정 원칙 부합""…8000억 이어 추가지원도 검토",에쓰오일 1분기 적자 1조원…코로나19에 '창사 이래 최악',삼일회계법인 CEO 단독 후보에 윤훈수 감사부문 대표,"홍남기, 경제단체장과 간담회…""필요시 경제중대본에 업계 참석""(종합)","일본은행 총재 ""필요하면 주저없이 추가 금융완화 조치""","현대車, 반려견 헌혈문화 확산 2차 캠페인","포스코, 국가유공자에 의족·의수",춘천 학교 밀집 지역 25층 복합시설 신축에 학부모·동문 반발,"""부하 관리도 못해?"" ""왜 그걸 우리팀이?""…4050 위기의 부장님","[김상무 &amp; 이부장] ""우리 꿀 빤 세대 아닙니다 ㅠㅠ"" 상무님도 위로가 필요해",“올여름엔 내 방이 겨울왕국”,"""LG와 헬로비전 시너지…3개월 만에 숫자로 입증""","포스코인터, 中企 해외진출 지원",모처럼 바빠진 LCC…황금연휴 6160편 띄울 준비,LG화학 '배터리 꿈의 소재' 탄소나노튜브 증설,"삼성 QLED TV, 미국·독일서 '시력 보호' 인증","""지금이 관행적 비효율 없앨 기회…기아차, 위기 이후 재도약 준비""","윤호영 대표 ""카카오뱅크, 하반기부터 IPO 준비""","KB카드, 태국 진출…제이 핀테크 지분 51% 인수","OK금융, 취약계층에 마스크 100만장 기부","[김상무 &amp; 이부장] ""코로나 함께 극복"" 회사 근처 식당 先결제 어때요","은행 연체율, 5월부터가 진짜다",아웃도어 업계 지난해도 불황…디스커버리·NGO·휠라만 성장,다시 등장한 시식코너,"쓰레기 취급 아이스팩, 식물 영양제로 변신","근거리 쇼핑시대…GS리테일, 1분기 최대 실적","도미노, 30주년 '토핑 탑텐 피자'","두산重에 8천억 추가 지원…두산그룹 ""3조원 자구안 마련""(종합)","오설록, 올해 첫 수확 녹차 출시","위스키 글렌피딕, 온라인 시음회","위메프 배달앱, 월거래액 25배↑","환경단체들 이 와중에…""두산重 대출 연장 안돼"" 채권단에 서한","조선업계 CEO ""최악의 수주절벽…중장기 대책 시급""","""5월은 수출 악몽의 달""",위기의 두산…두타에 지게차·골프장까지 모조리 판다,코로나로 빚 갚기 힘든 개인…대출금 상환 최대 1년 유예,"기대 커지는 韓銀의 역할…""기간산업·국채·회사채에 50兆 쏜다""","""국채 안 팔릴라""…기재부, 국고채 전문 딜러의 인수 의무 강화","4050 ""우리도 할 말 있다""","대한민국 보통사람들, 月 453만원 벌어 100만원 저축","개학 연기로 냉동간식 특수…'핫도그 강자' 우양, 웃었다","'신의 직장' 에쓰오일, 1분기 적자만 1조…충격에 빠진 정유업계","라이언 새겨진 '카뱅 카드' 쓸까, 대한항공 마일리지 카드 쓸까","두산重 자구안 3兆 이상 마련…채권단, 8000억 추가 지원",2년 칼 갈았다…롯데의 온라인 대반격,포스코 포항제철소 제품부두에 하역기 4대 추가,"""코로나 집콕족 잡아라""…삼성·LG전자·현대차도 온라인 마케팅에 '사활'",'빠른 배송'에 더 힘주는 쿠팡·이베이…물류 인프라 공격투자,[모십니다] 저탄소 시대…'기후변화 리더십 아카데미 19기',"에쓰오일, 1분기 매출 전년대비 19.7% 하락","""車부품사 절반, 정부 지원 못받아…보완책 절실""",근로·자녀장려금 8월에 앞당겨 지급,"청소년 인구, 40년 후엔 '절반으로'","문 정부, 노동계 요구에 '청' 설립 만지작…역대 최대 정부 되나",中企 규제 날씨처럼 예보한다,울산·미포산단 생산 23%↓,"""유가하락·코로나에…"" 에쓰오일, 1분기 1조원 적자(종합)",청주공항 옆 항공 부품·헬기 정비 산업 메카 육성한다,"'수출절벽' 맞은 車업계, 5월 징검다리 연휴 붙여 가동 중단","인천항만공사, 8월 송도로 사옥 이전…""핵심사업 집중""",삼성중공업 1분기 순손실 2천270억원…적자 두배로 확대(종합),국고채 금리 일제히 상승…3년물 연 1.026%,부산항 컨테이너 정기노선 세계 2위…작년보다 1개 증가,내게 맞는 영양제 소분해 배송해준다…小수력도 신재생 인정,"두산그룹 ""자산매각 등으로 3조원 확보…두산重 조기 정상화""","경방 ""자회사 경방베트남에 581억원 출자""","""870만원 투자했더니 빚 2천300만원""…중국 원유상품도 '쪽박'(종합)","무협 ""지원 대상 미달 기업 여전히 많아…보완대책 마련해야""","제넨바이오, 복지부 이종장기 개발 신규과제 최종 선정",금감원 임원급여 반납해 소상공인진흥공단에 기부,"""택배 보랭제 식물 영양제로 쓰세요"" 속도내는 필(必) 환경","르노삼성, 연휴 뒤에도 부산공장 3일 더 쉬는 이유",코스피 상승에 원/달러 환율 9.3원 하락 마감,"IBK기업은행, 1분기 순이익 5005억…전년比 10.1%↓",기업은행 1분기 순익 5천5억원…1년 전보다 10% 감소,재난지원금 담긴 무기명 선불카드 받자마자 정보 등록하세요,원유선물ETF 잡음 지속…이번엔 순자산가치 표시 오류 논란,부산신항 노동자 숙소 입주자 모집…5월 11∼13일 접수,부산 금융대출 부동산에 치중…생산·취업유발 효과↓,"아모레퍼시픽그룹, 서울 논현동 빌딩 1천520억원에 매각","성윤모 ""조선업계 수주 절벽 우려…8조 투입·추가 지원 검토""","상장협, 투자세액공제 활성화 등 10대과제 건의","[단독] 한노총, 삼성전자에 첫 실력행사…단체교섭 요구","팬슈머의 힘, 지속가능한 브랜드 만든다",기업은행 1분기 영업이익 6천613억원…작년 동기 대비 11.2%↓,국내선만 6000편…황금연휴 대비하는 LCC들,"더샵, '견고함을 기반'으로 프리미엄 주거문화 선도","LG 퓨리케어 정수기, 사용 기간 관계없이 새로운 제품처럼 관리","게보린, '한국인의 두통약'…지금까지 37억정 판매",위스키 시음회도 온라인으로?…'글렌피딕'의 실험,국제유가 다시 하락 전환…WTI 배럴당 15달러선 내줘,"2020년형 위니아 공기청정기, '에어 클린 디스플레이'로 실시간 공기질 파악",삼성 멕시코 TV공장 재가동 앞당겼다…LG는 셧다운 연장,수출 BSI 역대 최저,"현대제철, 빅데이터 기반 전기로 원료 운영 시스템 구축","매일유업 셀렉스, 중국 시장 본격 진출"
2020.04.28,"SK이노베이션, 미국 배터리 2공장에 8천900억원 투자","대한항공·아시아나, 5월에도 인천-베이징 여객 운송 중단","테슬라코리아, 기간통신사업 신고…차량에 정보·콘텐츠 서비스",작년 농가 평균소득 4천118만원…전년 대비 2.1% 줄어,2027년까지 완전자율주행 기술 개발…1조원 투입해 미래차 선점,부산시 출자 918억원 규모 모태펀드 선정,"""일회용품 사업 바꾸면 인센티브""…환경부 회유책에도 신청 '0건'","SK이노, 美 조지아주에 제2 전기차 배터리 공장","동국제강, 오염 적고 화재에 강한 외장재용 컬러강판 개발","산업기술진흥원-산업은행, 250억원 지역산업활력펀드 조성","SK이노베이션, 미국 배터리 2공장에 8천900억원 투자(종합)",제주항공 이스타항공 인수 다음달로 늦춰질듯(종합),벌써 빙수의 계절?…호텔들 한달 앞당겨 판매,"SK이노베이션 ""미국 자회사 주식 8천944억원에 추가취득""","신동권 공정거래조정원장 ""法·지식 알려 도움 주는 것도 공직자 역할""",영국서 석탄발전 18일동안 멈춰…산업혁명 후 최장,"""불량 가능성 0.01%? 전량 폐기해""…100억 날리고 얻은 침대 1위","산은·성장금융, 성장지원펀드 위탁 운용사 18곳 선정","윤종규 KB회장, 카드 직원과 유튜브 소통…대구에는 화상통화",'기업형 따이궁' 덕분에 면세점 매출 1조 턱걸이,"이마트, 황금연휴 할인",침대문화 확산과 함께 성장…침대공학연구소 설립도,"펫케어 시장, 올해 첫 2조 돌파","마이크로텍 ""엔투셀 주식 100억원어치 추가취득…지분율 16.4%""","홈플러스, 위생용품 반값 할인","한국야쿠르트, 환자식 '잇츠온'","동서식품, 대용량 맥스웰하우스","휠라키즈, 마이크로킥보드와 협업","미래에셋대우 1분기 영업익 2.4% 감소…""코로나19에도 선방""(종합)","""코로나 이후, 유망 산업은 TECHNOLOGY""","'매출 1조 효자' 뉴발란스…이랜드, 5년 더 함께 뛴다",고용 쇼크…3월 근로자 22.5만명 감소,"홍남기 ""그래도 재난지원금은 70%가 적정…자리 연연 안해""",'식당·여행에 카드 긁으면 소득공제 80%' 국회서 바뀌나(종합),"윤석헌 ""금융사 사모펀드 피해 자율배상 확산되길""","실리콘웍스, 취약계층 어린이에게 노트북 지원",황금연휴 빅세일 시작…슬기로운 쇼핑생활 가자,코로나로 주가 뛴 서정진 회장…한국 갑부 2위 올라,SK네트웍스 '렌털의 힘'…매직·렌터카 양날개로 날았다,"신한은행, 사랑의 헌혈 나눔 캠페인","KOTRA, 외국인 투자 '화상 핫라인' 36개 지역 연결","포스코에너지, 소아암 어린이 지원",삼일회계법인 새 CEO 윤훈수 씨,"현대제철, 전기로도 빅데이터로 운영","LG화학 ""현금확보 우선""…설비투자 1조 줄인다","국세청, 신천지 특별 세무조사 착수","""코로나 위기 힘내세요"" e-타운홀미팅 나선 윤종규 KB회장","문상영 콜러노비타 사장 ""비데 항균·살균기능 중점…美·中 등 해외 공략""","효성, 수소연료 시장 진출…울산에 세계 최대 액화수소공장",기업인 340명 베트남 특별 입국,"동반성장委, 오프셋인쇄업 '생계형 적합업종' 적용 여부 논의","현대리바트, 용인에 '스타일샵'…경기 남부 공략","신한금융, 종합 부동산컨설팅 서비스",삼성전자 '기술과외'로 폐업위기서 기사회생한 중소기업들,"車업계, 징검다리 연휴 전후해 추가 휴업…""수출급감 대응""",춘천 시내버스 공영제 논의 본격화…시민협의체로 정상화 추진,소비심리 '최악'…금융위기 때보다 낮아,'약한 고리'부터 끊긴 일자리…숙박·음식업서만 15만명 잘렸다,美·EU·日 중앙은행 보유 총자산 17兆달러…전세계 GDP의 20% 달해,스스로 '금기' 깨는 중앙은행들…이젠 기업·지자체에 직접 자금수혈,"""각자도생 최우선…새로운 통상질서에 대비해야""",포스트 코로나 승자는 베트남?,광주은행 1분기 당기순이익 467억원…작년 동기대비 3.1%↑,NH투자증권 1분기 영업이익 538억원…77.3% 감소(종합),[분석+] 롯데 또 '형제의 난'?…6번째 시도 '승리 가능성 미미',삼성엔지니어링 1분기 영업익 855억원…작년보다 28.2% 감소(종합),"정부 ""미·영·프 러브콜…한국의료 포스트 코로나 전략 마련""","""코로나에도…"" LG이노텍, 멀티카메라 효과에 1분기 흑자전환(종합)",코로나 풍파에도 '든든한 우산'…공기업이 함께 뛴다,"한국전력, 소상공인 전기요금 납부기한 연장","한국무역보험공사, 무역금융 36조 등 수출기업 지원","한국가스공사, VR·빅데이터 기술 접목…사업 혁신","한국농수산식품유통공사, 농식품업체 온라인 마케팅 지원",공공기관 인사교류 도입…매년 기관별 2% 이상 특별승진 의무화,"국동 ""휴맵 주식 10억원어치 추가취득…지분율 18.3%""","JB금융지주 ""자회사 JB우리캐피탈 주식 1천억원에 추가취득""","한국전기안전공사, 급여 10% 온누리상품권으로 지급",코로나19 여파 현대차 아반떼·베뉴 생산라인 3일간 휴업,"한국서부발전, 태안 소상공인·협력사 금융지원",유가급락에 원유선물 ETN 변동성 확대…추가 거래정지(종합),어려울수록 나눔은 크게…위기 때 빛나는 '착한 기업',"오렌지라이프, 초·중·고 '오렌지 금융교실' 운영…아동시설 개선·진로결정 도와","한국남동발전, 경남 농가서 1억3000만원 꽃 구입","수출입은행, 해외 진출社에 20조 금융지원…'유동성 위기' 中企엔 스피드 대출","코오롱그룹, 서울대병원에 모듈형 음압치료병실 기부","효성그룹, 베트남에 의료봉사단 파견해 무료 진료","현대모비스, 어린이 교통사고 막는 투명우산 90만개 지원","지역난방공사, 공기업 첫 급여 반납…임원들 솔선","한전KPS, 원격수업 위한 기기 구입비용 지원",국고채 금리 대체로 상승…3년물 연 1.033%,"이엔에프테크놀로지 ""계열사 주식 98억원에 추가취득""","국세청, 신천지 특별세무조사 착수","""올해 한국 펫케어 시장 2조원 넘을 것""","이랜드,1조짜리 뉴발란스 잡았다…한·중 5년 계약 연장","LG화학 ""현금확보 위해 올해 설비투자 6조→5조로 감축""","BNK금융, 1분기 순익 1377억…전년比 22.2%↓",BNK금융 1분기 당기순이익 1천377억원…전년 동기 대비 22% ↓(종합),국제 원유 가격 또 하락…WTI 배럴당 10달러선 위협,미래에셋대우 1분기 영업이익 1천387억원…작년 대비 2.4%↓,호텔 럭셔리 빙수 대전 나섰다
2020.04.29,인터넷은행법 통과됐지만…KT대신 BC카드가 케이뱅크 최대주주,"인터넷은행법 국회 통과…KT, '케이뱅크' 최대주주 청신호",1분기 세계 차 판매 28% 감소…한국 점유율은 8.4%로 상승,"[속보] 코로나19 충격에…미국, 1분기 성장률 -4.8%","IMF, 나이지리아에 4조원 코로나19 긴급지원(종합)",中 출장 기업인 2주 격리 면제,위기에 규제 대거 풀었지만…원격의료 허용은 또 미뤘다,공공기관 부채 525조 역대최대…부채비율 7년만에 상승 전환(종합),신협 인터넷뱅킹 앱 일시 마비(종합),공공기관 부채 525조 역대최대…부채비율 7년만에 상승 전환,작년 공공기관 평균 연봉 6천779만원…12곳은 1억원 넘어,"하나금융, 더케이손해보험 자회사로 품는다…금융위 승인",코로나19로 물동량 감소…포항영일신항만 비상경영 선포,세계 최대 컨선 'HMM 알헤시라스호' 부산항 입항,"삼성전자·SK하이닉스, 1000억대 반도체펀드 조성","편의점 거스름돈, 계좌로 입금해 준다",삼성 협력사에 805억…사상 최대 인센티브,"""광주형 일자리 걷어차나"" 비난에…한국노총 복귀했다","동박 제조 KCFT, SK넥실리스로 사명 변경","반도체로 버틴 삼성전자, 1분기 영업익 6.4조 선방","LG전자, 新가전·TV로 '활짝 웃은' 1분기…영업이익 1조 탈환","쌍용차 코란도·티볼리, TV홈쇼핑에서 판매","LG전자, 터키 업체에 스팀기술 특허침해 소송",민감한 정치성향·건강정보도 활용…빅데이터 규제 확 풀었다,"롯데홈쇼핑, 취약계층에 '학습꾸러미'","동서발전, 화훼농가서 화분 1천개 구매해 사회복지시설에 기증",3월 서비스업생산 4.4%↓…20년 만에 최악,"기류 확 바뀐 HDC현산…범현대家도 ""아시아나 포기가 낫다""","동원그룹, 채용연계형 인턴 모집","현대百, 한은과 '잔돈 입금' 협약","GS25, 무농약 영유아간식 판매","위메프, 144개 상품 특가 할인",한국 떠난다며 40명 자르더니…맥캘란 前대표 '위장 철수' 의혹,'돌밥' 계란프라이로 막다보니…달걀 한판 5000원 고공행진,"쿠팡 ""오전 10시 주문하면 오후 6시 문 앞에""",민관 합심…꽉 막힌 '수출 하늘길' 뚫어,100분간 '불확실성' 18번이나 언급한 삼성전자 임원들,내달 소상공인 2차 긴급대출 10조 추가…금리는 年 3~4%,"면세점 명품 재고, 다음달 아울렛에 푼다","""한국판 뉴딜은 대규모 토목공사 아닌 디지털 투자""",[정정보도] 실적악화 뻔한데…르노삼성·쌍용 다시 '노노 갈등' 관련,금감원 부원장 이르면 내달 중순 교체,"'이탈리아 헬스케어' 투자자들, 하나銀의 '사적 화해' 거부하나",'회수 불가' 채권 급증…카드사 건전성 경고등,"한노총, 사회적대화 참여 결정 유보","삼성전자, 반도체 협력사들에 '사상 최대' 800억 인센티브","SNS 유명인 ""상품 후기, 돈 받고 쓰는거에요"" 밝혀야","현대모비스 ""車산업 위기 극복 열쇠는 미래차 경쟁력 강화""",주방가전 시장 달구는 '멀티쿠커 전쟁',서울까지 들어온 이케아…첫 도심형 매장,"화장품 등 81개 中企제품, '브랜드 K' 마크 달았다","한샘, 부엌가구 래핑도어 자발적 리콜","FMK, ""마세라티 전시장에 가면 어린이날 선물 드려요""","문성혁 해수장관 ""코로나19 해운분야 지원책 조기 집행""",신협 인터넷뱅킹 앱 일시 마비,금융그룹 내부통제협의회 신설…9월부터 그룹 위험요인 공시,국제유가 변동성 확대…원유선물 ETN 또 급등,대구상공회의소 창립 114주년 기념식,"이우석 첫 재판서 ""인보사, 안전성에 아무런 문제 없다""",두산인프라코어 영업이익 1천810억원…코로나에 28% 감소(종합),국고채 금리 일제히 하락…3년물 연 1.006%,파트론 1분기 영업이익 119억원…작년 동기 대비 54.5%↓,휴면카드 자동해지 규정 폐지…유효 기간 언제든 다시 사용,"삼성카드, 1분기 순이익 1122억…전년比 6.8%↓",두산밥캣 1분기 영업이익 868억원…작년 동기 대비 23.4%↓,"소비자단체 ""코로나19 위약금 분쟁 많지만 피해구제는 어려워""",두산인프라코어 1분기 영업이익 1천810억원…작년 대비 27.6%↓,"한화운용 고배당주 ETF, 분배금 비율 5%대로 업계 최고",해외 가족 1명당 마스크 최대 24장 보낼 수 있다,"HDC 정몽규, 항공 꿈 접나…아시아나 인수 무기한 연기","정부, LCC 추가 지원 검토한다…""항공사 고용안정 최우선""","LG전자, 코로나에도 1분기 실적 양호…""2분기 하락 예상""(종합)","트럼프, 코로나19로 '공급망 위기' 육가공업체 생산재개 명령(종합)","원/달러 환율 사흘째 하락해 1,220원선 아래로","강원농협, 가정의 달 쌀 구매 행사…""농가 어려움 소비로 극복""",동해안∼신가평 송전선로 서부구간 7차 입지선정위 연기,금주의 신설법인 955개,"제주 대정해상풍력발전, 도의회서 최종 부결…사업 제동","[고침] 경제(농진청, 사막에서 벼 재배 성공…국내재배보…)",녹십자 1분기 영업이익 61억원…작년 동기 대비 283.9%↑,[뉴스카페] 코로나 불황도 뚫은 BBQ 핫황금올리브치킨,"면세점이 보유한 명품 재고, 이르면 다음달 아울렛에 나온다",철수한다더니 기존 사장에 판권 넘긴 맥캘란…위장철수 논란(종합),완도 화흥포-소안 항로에 800t 대형 차도선 신규 취항,"[2보] LG전자, 1분기 영업이익 1조904억원…""역대 3번째 실적""","""보편적 재난 기본소득은 단기대응으론 부적절""",대한항공 군산∼제주 노선 운항 재개…내달 5일까지 한시적,"인트로메딕 ""관계사 이엠앤아이 주식 15억원에 추가취득""","쿠팡, 로켓프레시 당일배송 시작",HDC현산 아시아나항공 인수 늦어진다…주식 취득일 무기한 연기,현대중공업지주 1분기 영업손실 4천872억원…적자전환,"[속보] LG전자 1분기 생활가전 영업이익 7천535억원…""분기 사상 최대""","[속보] LG전자 1분기 영업이익률 7.4%…""1분기 기준 역대 최고""","강원 제주 관광·여가·숙박소상공인 매출 회복 조짐…""음식점은 아직""",[1보] LG전자 1분기 영업이익 1조904원…작년동기대비 21.1% 증가,하동 두우레저단지 개발사업 시행자 공모,에스티팜 1분기 영업손실 92억원…적자 확대,"무디스 ""올 한국 성장률 -0.5% 전망…선진국 중 최고""","182일 연구 마친 아라온호, 해외 고립 원양어선원 태우고 귀항","코로나 속 선방한 삼성 반도체, 언택트 수요 장기화 '자신감'(종합)"
2020.04.30,"""디지털 투자로 비정규직 생산성 높여라""…IMF가 제시한 뉴딜","현대차그룹, 디자인 수장 루크 동커볼케 사임","포스코에너지, 지역아동센터에 '4월의 크리스마스' 선물","요동 치는 밥상물가…삼겹살·양배추↑, 우유값↓","야심차게 출범한 롯데ON, 2% 부족했던 점은…","""월회비 2500원에 원두커피 60번 할인""",백화점 황금연휴 세일 돌입,"이마트24, 제로페이 결제금 기부","롯데百, 평촌점에 스니커즈숍","천연 기능성 요구르트 개발한 '에코비오스', 당뇨 환자도 먹는다",지자체 '재난지원금' 까보니…강원 100만원 vs 포천 280만원,출근하면 협력사부터 챙기는 사장님…달라진 '을'의 위상,"""위기 때 복원력 강한 공급망 분산이 낫다""",코로나에 희비 엇갈린 애플·삼성…'계란' 나눠담은 삼성이 옳았다,"SOC 연기하고, 기금 끌어오고 … 2차 추경 12.2兆 재원 마련 '꼼수'","삼성전자·SK하이닉스, 美 빅데이터 업체 투자","투디지트, P2P 이용자보호 담보대출 플랫폼 '플럼' 선보여",빕스에 취직자리 넓힌 'LG 셰프봇',"전경련, 최고경영자과정 '언택트 마케팅' 등 12일 개강",아시아나 '착륙사고' 샌프란시스코 노선 운항 재개,가전과 인테리어의 콜라보…삼성·까사미아 또 뭉쳤다,경계현 삼성전기 사장의 '무엇이든 물어보세요' 경영,"""추천 인재 입사하면 2000만원 포상""…'구인전쟁' 벌어진 곳",출자 통한 지원 20% 이내로 제한…지분 되팔 땐 기업에 우선매수권,더 복잡해진 고리1호기 '해체 셈법',카카오뱅크·케이뱅크도 대출 유예 신청 받는다,"""바꾸고, 없애고, 홀렸다""…현대·기아차 '코로나 치명상' 피한 비결","""내 월급 깎일 수도""…우울한 가계 전망","박인비, 전인지가 '덕분에 챌린지'에 참여한 이유는","미국 무역대표부, 지재권 감시대상국서 12년 연속 한국 제외",표본 변경 때만 급등하는 농가소득…농업통계 이대로 괜찮나?,지자체간 힘겨루기에서 부산 기장군 판정승…'해체 셈법' 더 복잡해진 고리1호기,코로나發 육류부족 사태 온다?…다시 '금값' 된 돼지고기,경계현 삼성전기 사장이 공개한 '젊은 후배와의 소통법',"""우리집은 얼마 받을 수 있나요?""…긴급재난지원금 총정리","""강릉 펜션사고 재발 막는다""…숙박시설 가스경보기 설치 의무화",위세 떨치는 학현학파...정책 바라만 보는 서강학파,"삼성전자, 미국 생활가전시장 16분기 연속 점유율 1위","닥터 둠 ""2020년대 후반에 '대대공황' 온다""",인삼·홍삼 면역력 강화 성분 증진기술 특허출원 증가,"UNIST, 활성산소 제거해 고용량 배터리 수명·성능 개선",'그런 게 있나요' 외면받는 금융교육 대대적으로 손본다,'긴급재난지원금.kr'에서 4일부터 코로나지원금 확인하세요,"재난지원금 우리집 얼마?…""내달 4일부터 조회 가능""",중국 '보조금 문턱' 만들자 가격인하로 대응한 테슬라,서울 지역농협 14곳서 '화훼농가 돕기' 꽃 판매,"'모바일 강원상품권' 발행 기념 10% 특별 할인, 경품 이벤트도","편의점업계, 지역상생 위한 제로페이 제휴 이벤트 잇따라(종합)",5월 이달의 해양생물에 포기거머리말,내일부터 접경지역 양돈농가에 축산차량 출입통제,"'동해를 한눈에' 영덕 축산항 등대, '5월의 등대' 뽑혀",5월 이달의 수산물에 멍게·갑오징어,"올해 마늘 생산 평년보다 17% 늘 듯…정부, 추가 수급안정 조치",내일부터 공익직불제 시행…각 읍면동서 6월말까지 신청접수,"삼성전자, 미국 생활가전 시장서 4년 연속 1위",자율주행 모빌리티 시범사업자에 서울대 산학협력단 선정,"홈플러스, 초저가 와인 '카퍼릿지' 출시","울산 신고리원전 3호기, 발전 재개 후 100% 출력 도달","[게시판] 티몬, 경기관광공사와 '착한여행 캠페인'","피자헛, 1인용피자 제공 매장 5개점으로 확대","동원산업, 지속가능어업 인증받은 참치 첫 수출",'착한 소비로 공정무역 확산'…수원공정무역협의회 창립,유통업계 핫이슈 '롯데ON' 직접 써보니,"""작은 차라도 첨단기능 원해""…신형 아반떼 절반은 '풀옵션'",울산 국제수소에너지전시회 및 포럼 내년 4월 개최,부·울·경 금융업계 신생기업 자금공급 저조…보수적 관행 탓,지역화폐 부정유통 방지 법률 제정…경기도 사업추진 탄력,"LG전자, 패밀리레스토랑 빕스에 요리로봇 추가 공급",어린이들과 함께 한 포스코에너지의 '4월의 크리스마스',빕스에 국수 만드는 'LG 클로이 셰프봇' 추가 도입,'재료연구소→한국재료연구원 승격' 법안 통과…소재 강국 첫발,"삼성전기 경계현 사장 ""기술이 강한 회사로 도약하자""","국산 車업계, 부품·수요 없어서 생산 멈춘다","링컨, 코로나19로 전기차 개발도 취소",제주 15개 지방 어항 정비공사…128억 투자,"""코로나19로 강제 무급 휴가""…방송작가 생활고 '심각' [이슈+]","""늦어도 6월 말엔 국제선 다시 띄워야"" 에어부산 전전긍긍",경기도 수산자원 관리에 176억원 투입…11개 과제 추진,코로나에 '자차족' 급증…주유소·내비게이션 호황,"중진공 경남본부, '실패 극복' 기술혁신형 재창업자금 지원","코로나로 흔들리는 글로벌 가치사슬…""짧아지고 넓어질 것""",술·담배·로또·립스틱… 코로나 '불황형 소비' 활활,"완도군, 싱싱한 광어·전복회 고금대교서 드라이브스루 판매","아시아나, '착륙사고' 샌프란시스코 노선 운항 재개한다",'K3 1900만원' 비싸다? 싸다?…아반떼와 비교해보니,엑스코 전시장 코로나19 차단 시험장으로 활용,"EIU ""코로나 여파에 북 외교 강경해질 듯…경제는 역성장""",미국서 코로나 뚫을 '가성비' TV는…LG·삼성 나란히 선정,주식 '빚투자' 다시 증가…신용융자 잔고 9조 육박,"""코로나발 금융위기, 세 가지 불씨 남아 있다"" [주코노미TV]",금감원 부원장 3명 교체 가닥…김근익 FIU 원장 등 물망,기업은행 코로나 소상공인 대출 소진…시중은행은 '5월도 가능',"연휴 맞아 국내공장 세운 車업계…""수출절벽 대응해 생산조절""","정용진이 판매지원 나선 못난이 고구마, 수일만에 300여t 완판",함께 극복하자…대구시 개인지방소득세 납기 연장,"롯데백화점, 프리미엄 스니커즈 편집매장 '스니커바' 개장","롯데마트, 어린이날 맞아 완구·보드게임 등 최대 70% 할인판매","이마트24, 제로페이 결제금액 1% 소상공인 상생기금으로 사용","'긴급재난지원금' 2차 추경, 4.6조 증액…국채 3.4조",롯데아울렛 '아동 리퍼브샵' 운영
