#지난 1년간,,
순위,도시이름,조회수
1,Bangkok,297M 조회수
2,Jakarta,163M 조회수
3,Kuala Lumpur,109M 조회수
4,Ho Chi Minh City,96.1M 조회수
5,Surabaya,94.7M 조회수
6,Quezon City,91M 조회수
7,Seoul,72.7M 조회수
8,Hanoi,59.3M 조회수
9,Lima,55.8M 조회수
10,Phnom Penh,55.5M 조회수
11,--,45.6M 조회수
12,Bandung,40.6M 조회수
13,São Paulo,33.4M 조회수
14,Cebu City,33.3M 조회수
15,Jeddah,31.9M 조회수
16,Riyadh,31.6M 조회수
17,Medan,31M 조회수
18,Semarang,29.9M 조회수
19,Mexico City,28.9M 조회수
20,Makassar,28.4M 조회수
21,Santiago,28.3M 조회수
22,Singapore,27.5M 조회수
23,Ulaanbaatar,26.8M 조회수
24,Hong Kong,26.3M 조회수
25,Ankara,19.6M 조회수
26,Manila,19.1M 조회수
27,Chiang Mai,18.5M 조회수
28,Davao City,17.7M 조회수
29,Baghdad,17.6M 조회수
30,Imphal,17.5M 조회수
31,Vientiane,16.9M 조회수
32,Bogota,16.7M 조회수
33,Rio de Janeiro,16.3M 조회수
34,Denpasar,16.1M 조회수
35,Busan,15.7M 조회수
36,Palembang,15.3M 조회수
37,Dhaka,14.7M 조회수
38,Osaka,14.6M 조회수
39,Guwahati,14.1M 조회수
40,Yangon,13.9M 조회수
41,Bishkek,13.5M 조회수
42,New York,13.3M 조회수
43,Surakarta,13.3M 조회수
44,İzmir,13M 조회수
45,Pekanbaru,12.9M 조회수
46,Khon Kaen,12.8M 조회수
47,Pattaya City,12.8M 조회수
48,Bien Hoa,12.5M 조회수
49,Kathmandu,12.5M 조회수
50,Bekasi,12.3M 조회수
51,Almaty,12.1M 조회수
52,Casablanca,12M 조회수
53,Angeles,11.4M 조회수
54,Hat Yai,11M 조회수
55,Da Nang,10.8M 조회수
56,Nakhon Ratchasima,10.3M 조회수
57,Amman,10.2M 조회수
58,Guayaquil,10.2M 조회수
59,Paris,10M 조회수
60,Nakhon Sawan,9.92M 조회수
61,Delhi,9.71M 조회수
62,Bengaluru,9.68M 조회수
63,Makati,9.4M 조회수
64,Batam,9.33M 조회수
65,Tangerang,9.33M 조회수
66,London,9.31M 조회수
67,Fortaleza,9.21M 조회수
68,Banjarmasin,8.93M 조회수
69,Yokohama,8.85M 조회수
70,Sydney,8.84M 조회수
71,Moscow,8.83M 조회수
72,Depok,8.78M 조회수
73,Los Angeles,8.75M 조회수
74,Hai Phong,8.28M 조회수
75,Incheon,8.17M 조회수
76,Melbourne,8.15M 조회수
77,Manaus,8.13M 조회수
78,Samarinda,8.05M 조회수
79,Chennai,8.02M 조회수
80,Tunis,7.98M 조회수
81,Mumbai,7.9M 조회수
82,Hyderabad,7.9M 조회수
83,Quito,7.87M 조회수
84,Pontianak,7.78M 조회수
85,Depok,7.72M 조회수
86,Bursa,7.69M 조회수
87,Malang,7.68M 조회수
88,Padang,7.67M 조회수
89,Johor Bahru,7.6M 조회수
90,Buenos Aires,7.57M 조회수
91,Caloocan,7.42M 조회수
92,Daegu,7.38M 조회수
93,Baku,7.22M 조회수
94,Dasmariñas,7.13M 조회수
95,Cagayan de Oro,6.84M 조회수
96,Adana,6.79M 조회수
97,Nakhon Pathom,6.65M 조회수
98,La Paz,6.63M 조회수
99,Kolkata,6.62M 조회수
100,Houston,6.58M 조회수
,,
,,
,,
,,
,,
,,
,,
,,
,,
,,
,,
,,
,,
,,
,,
,,
,,
,,
,,
